"The National Center for Health Statistics (NCHS) has published an update to  the International Classification of Diseases, 10th Revision, Clinical Modification (ICD-10-CM) diagnosis codes, which will become effective October 1, 2019.   
The FY 2020 (October 1, 2019-September 30, 2020) Conversion Table for new ICD-10-CM codes is provided to assist users in data retrieval.  For each new code the table shows the effective date and its previously assigned code equivalent.",,
Current code assignment,Effective October 1,Previous Code(s) Assignment
A04.71,2017,A04.7
A04.72,2017,A04.7
A92.5,2016,A92.8
C43.111,2018,C43.11
C43.112,2018,C43.11
C43.121,2018,C43.12
C43.122,2018,C43.12
C4A.111,2018,C4A.11
C4A.112,2018,C4A.11
C4A.121,2018,C4A.12
C4A.122,2018,C4A.12
C44.1021,2018,C44.102
C44.1022,2018,C44.102
C44.1091,2018,C44.109
C44.1092,2018,C44.109
C44.1121  ,2018,C44.112
C44.1122,2018,C44.112
C44.1191  ,2018,C44.119
C44.1192,2018,C44.119
C44.1221,2018,C44.122
C44.1222 ,2018,C44.122
C44.1291,2018,C44.129
C44.1292,2018,C44.129
C44.131,2018,C44.19
C44.1321,2018,C44.19
C44.1322,2018,C44.19
C44.1391,2018,C44.19
C44.1392,2018,C44.19
C44.1921,2018,C44.192
C44.1922,2018,C44.192
C44.1991,2018,C44.199
C44.1992,2018,C44.199
C49.A0,2016,C49.4
C49.A1,2016,C16.0
C49.A2,2016,C16.9
C49.A3,2016,C49.4
C49.A4,2016,C49.4
C49.A5,2016,C49.4
C49.A9,2016,C49.6
C96.20,2017,C96.2
C96.21,2017,C96.2
C96.22,2017,C96.2
C96.29,2017,C96.2
D03.111,2018,D03.11
D03.112,2018,D03.11
D03.121,2018,D03.12
D03.122,2018,D03.12
D04.111,2018,D04.11
D04.112,2018,D04.11
D04.121,2018,D04.12
D04.122,2018,D04.12
D22.111,2018,D22.11
D22.112,2018,D22.11
D22.121,2018,D22.12
D22.122,2018,D22.12
D23.111,2018,D23.11
D23.112,2018,D23.11
D23.121,2018,D23.12
D23.122,2018,D23.12
D47.01,2017,D47.0
D47.02,2017,D47.0
D47.09,2017,D47.0
D47.Z2,2016,D47.9
D49.511,2016,D49.5
D49.512,2016,D49.5
D49.519,2016,D49.5
D49.59,2016,D49.5
D75.A,2019,D55.0
D78.31,2016,D78.21
D78.32,2016,D78.22
D78.33,2016,D78.21
D78.34,2016,D78.22
D81.30,2019,D81.3
D81.31,2019,D81.3
D81.32,2019,D81.3
D81.39,2019,D81.3
D89.40,2016,D89.89
D89.41,2016,D89.89
D89.42,2016,D89.89
D89.43,2016,D89.89
D89.49,2016,D89.89
E08.3211,2016,E08.321
E08.3212,2016,E08.321
E08.3213,2016,E08.321
E08.3219,2016,E08.321
E08.3291,2016,E08.329
E08.3292,2016,E08.329
E08.3293,2016,E08.329
E08.3299,2016,E08.329
E08.3311,2016,E08.331
E08.3312,2016,E08.331
E08.3313,2016,E08.331
E08.3319,2016,E08.331
E08.3391,2016,E08.339
E08.3392,2016,E08.339
E08.3393,2016,E08.339
E08.3399,2016,E08.339
E08.3411,2016,E08.341
E08.3412,2016,E08.341
E08.3413,2016,E08.341
E08.3419,2016,E08.341
E08.3491,2016,E08.349
E08.3492,2016,E08.349
E08.3493,2016,E08.349
E08.3499,2016,E08.349
E08.3511,2016,E08.351
E08.3512,2016,E08.351
E08.3513,2016,E08.351
E08.3519,2016,E08.351
E08.3521,2016,E08.351
E08.3522,2016,E08.351
E08.3523,2016,E08.351
E08.3529,2016,E08.351
E08.3531,2016,E08.351
E08.3532,2016,E08.351
E08.3533,2016,E08.351
E08.3539,2016,E08.351
E08.3541,2016,E08.351
E08.3542,2016,E08.351
E08.3543,2016,E08.351
E08.3549,2016,E08.351
E08.3551,2016,E08.351
E08.3552,2016,E08.351
E08.3553,2016,E08.351
E08.3559,2016,E08.351
E08.3591,2016,E08.359
E08.3592,2016,E08.359
E08.3593,2016,E08.359
E08.3599,2016,E08.359
E08.37X1,2016,E08.311
E08.37X2,2016,E08.311
E08.37X3,2016,E08.311
E08.37X9,2016,E08.311
E09.3211,2016,E09.321
E09.3212,2016,E09.321
E09.3213,2016,E09.321
E09.3219,2016,E09.321
E09.3291,2016,E09.329
E09.3292,2016,E09.329
E09.3293,2016,E09.329
E09.3299,2016,E09.329
E09.3311,2016,E09.331
E09.3312,2016,E09.331
E09.3313,2016,E09.331
E09.3319,2016,E09.331
E09.3391,2016,E09.339
E09.3392,2016,E09.339
E09.3393,2016,E09.339
E09.3399,2016,E09.339
E09.3411,2016,E09.341
E09.3412,2016,E09.341
E09.3413,2016,E09.341
E09.3419,2016,E09.341
E09.3491,2016,E09.349
E09.3492,2016,E09.349
E09.3493,2016,E09.349
E09.3499,2016,E09.349
E09.3511,2016,E09.351
E09.3512,2016,E09.351
E09.3513,2016,E09.351
E09.3519,2016,E09.351
E09.3521,2016,E09.351
E09.3522,2016,E09.351
E09.3523,2016,E09.351
E09.3529,2016,E09.351
E09.3531,2016,E09.351
E09.3532,2016,E09.351
E09.3533,2016,E09.351
E09.3539,2016,E09.351
E09.3541,2016,E09.351
E09.3542,2016,E09.351
E09.3543,2016,E09.351
E09.3549,2016,E09.351
E09.3551,2016,E09.351
E09.3552,2016,E09.351
E09.3553,2016,E09.351
E09.3559,2016,E09.351
E09.3591,2016,E09.359
E09.3592,2016,E09.359
E09.3593,2016,E09.359
E09.3599,2016,E09.359
E09.37X1,2016,E09.311
E09.37X2,2016,E09.311
E09.37X3,2016,E09.311
E09.37X9,2016,E09.311
E10.3211,2016,E10.321
E10.3212,2016,E10.321
E10.3213,2016,E10.321
E10.3219,2016,E10.321
E10.3291,2016,E10.329
E10.3292,2016,E10.329
E10.3293,2016,E10.329
E10.3299,2016,E10.329
E10.3311,2016,E10.331
E10.3312,2016,E10.331
E10.3313,2016,E10.331
E10.3319,2016,E10.331
E10.3391,2016,E10.339
E10.3392,2016,E10.339
E10.3393,2016,E10.339
E10.3399,2016,E10.339
E10.3411,2016,E10.341
E10.3412,2016,E10.341
E10.3413,2016,E10.341
E10.3419,2016,E10.341
E10.3491,2016,E10.349
E10.3492,2016,E10.349
E10.3493,2016,E10.349
E10.3499,2016,E10.349
E10.3511,2016,E10.351
E10.3512,2016,E10.351
E10.3513,2016,E10.351
E10.3519,2016,E10.351
E10.3521,2016,E10.351
E10.3522,2016,E10.351
E10.3523,2016,E10.351
E10.3529,2016,E10.351
E10.3531,2016,E10.351
E10.3532,2016,E10.351
E10.3533,2016,E10.351
E10.3539,2016,E10.351
E10.3541,2016,E10.351
E10.3542,2016,E10.351
E10.3543,2016,E10.351
E10.3549,2016,E10.351
E10.3551,2016,E10.351
E10.3552,2016,E10.351
E10.3553,2016,E10.351
E10.3559,2016,E10.351
E10.3591,2016,E10.359
E10.3592,2016,E10.359
E10.3593,2016,E10.359
E10.3599,2016,E10.359
E10.37X1,2016,E10.311
E10.37X2,2016,E10.311
E10.37X3,2016,E10.311
E10.37X9,2016,E10.311
E11.10,2017,E11.69
E11.11,2017,E11.69 and R40.20
E11.3211,2016,E11.321
E11.3212,2016,E11.321
E11.3213,2016,E11.321
E11.3219,2016,E11.321
E11.3291,2016,E11.329
E11.3292,2016,E11.329
E11.3293,2016,E11.329
E11.3299,2016,E11.329
E11.3311,2016,E11.331
E11.3312,2016,E11.331
E11.3313,2016,E11.331
E11.3319,2016,E11.331
E11.3391,2016,E11.339
E11.3392,2016,E11.339
E11.3393,2016,E11.339
E11.3399,2016,E11.339
E11.3411,2016,E11.341
E11.3412,2016,E11.341
E11.3413,2016,E11.341
E11.3419,2016,E11.341
E11.3491,2016,E11.349
E11.3492,2016,E11.349
E11.3493,2016,E11.349
E11.3499,2016,E11.349
E11.3511,2016,E11.351
E11.3512,2016,E11.351
E11.3513,2016,E11.351
E11.3519,2016,E11.351
E11.3521,2016,E11.351
E11.3522,2016,E11.351
E11.3523,2016,E11.351
E11.3529,2016,E11.351
E11.3531,2016,E11.351
E11.3532,2016,E11.351
E11.3533,2016,E11.351
E11.3539,2016,E11.351
E11.3541,2016,E11.351
E11.3542,2016,E11.351
E11.3543,2016,E11.351
E11.3549,2016,E11.351
E11.3551,2016,E11.351
E11.3552,2016,E11.351
E11.3553,2016,E11.351
E11.3559,2016,E11.351
E11.3591,2016,E11.359
E11.3592,2016,E11.359
E11.3593,2016,E11.359
E11.3599,2016,E11.359
E11.37X2,2016,E11.311
E11.37X3,2016,E11.311
E11.37X9,2016,E11.311
E11.3X11,2016,E11.311
E13.3211,2016,E13.321
E13.3212,2016,E13.321
E13.3213,2016,E13.321
E13.3219,2016,E13.321
E13.3291,2016,E13.329
E13.3292,2016,E13.329
E13.3293,2016,E13.329
E13.3299,2016,E13.329
E13.3311,2016,E13.331
E13.3312,2016,E13.331
E13.3313,2016,E13.331
E13.3319,2016,E13.331
E13.3391,2016,E13.339
E13.3392,2016,E13.339
E13.3393,2016,E13.339
E13.3399,2016,E13.339
E13.3411,2016,E13.341
E13.3412,2016,E13.341
E13.3413,2016,E13.341
E13.3419,2016,E13.341
E13.3491,2016,E13.349
E13.3492,2016,E13.349
E13.3493,2016,E13.349
E13.3499,2016,E13.349
E13.3511,2016,E13.351
E13.3512,2016,E13.351
E13.3513,2016,E13.351
E13.3519,2016,E13.351
E13.3521,2016,E13.351
E13.3522,2016,E13.351
E13.3523,2016,E13.351
E13.3529,2016,E13.351
E13.3531,2016,E13.351
E13.3532,2016,E13.351
E13.3533,2016,E13.351
E13.3539,2016,E13.351
E13.3541,2016,E13.351
E13.3542,2016,E13.351
E13.3543,2016,E13.351
E13.3549,2016,E13.351
E13.3551,2016,E13.351
E13.3552,2016,E13.351
E13.3553,2016,E13.351
E13.3559,2016,E13.351
E13.3591,2016,E13.359
E13.3592,2016,E13.359
E13.3593,2016,E13.359
E13.3599,2016,E13.359
E13.37X1,2016,E13.311
E13.37X2,2016,E13.311
E13.37X3,2016,E13.311
E13.37X9,2016,E13.311
E72.81,2018,E72.8
E72.89,2018,E72.8
E75.26,2018,E75.29
E78.00,2016,E78.0
E78.01,2016,E78.0
E78.41,2018,E78.4
E78.49,2018,E78.4
E85.81,2017,E85.8
E85.82,2017,E85.8
E85.89,2017,E85.8
E88.02,2018,E88.09
E89.820,2016,E89.810
E89.821,2016,E89.811
E89.822,2016,E89.810
E89.823,2016,E89.811
F10.11,2017,F10.10
F11.11,2017,F11.10
F12.11,2017,F12.10
F12.23,2018,F12.288
F12.93,2018,F12.988
F13.11,2017,F13.10
F14.11,2017,F14.10
F15.11,2017,F15.10
F16.11,2017,F16.10
F18.11,2017,F18.10
F19.11,2017,F19.10
F32.81,2016,F32.8
F32.89,2016,F32.8
F34.81,2016,F34.8
F34.89,2016,F34.8
F42.2,2016,F42
F42.3,2016,F42
F42.4,2016,L98.1
F42.8,2016,F42
F42.9,2016,F42
F50.81,2016,F50.8
F50.82,2017,F50.89
F50.89,2016,F50.8
F53.0,2018,F53
F53.1,2018,F53
F64.0,2016,F64.1
F68.A ,2018,F68.10
F80.82,2016,F80.89
G12.23,2017,G12.29
G12.24,2017,G12.29
G12.25,2017,G12.21
G51.31,2018,G51.3
G51.32,2018,G51.3
G51.33,2018,G51.3
G51.39,2018,G51.3
G56.03,2016,G56.01 and G56.02
G56.13,2016,G56.11 and G56.12
G56.23,2016,G56.21 and G56.22
G56.33,2016,G56.31 and G56.32
G56.43,2016,G56.41 and G56.42
G56.83,2016,G56.81 and G56.82
G56.93,2016,G56.91 and G56.92
G57.03,2016,G57.01 and G57.02
G57.13,2016,G57.11 and G57.12
G57.23,2016,G57.21 and G57.22
G57.33,2016,G57.31 and G57.32
G57.43,2016,G57.41 and G57.42
G57.53,2016,G57.51 and G57.52
G57.63,2016,G57.61 and G57.62
G57.73,2016,G57.71 and G57.72
G57.83,2016,G57.81 and G57.82
G57.93,2016,G57.91 and G57.92
G61.82,2016,G61.89
G71.00,2018,G71.0
G71.01,2018,G71.0
G71.02,2018,G71.0
G71.09,2018,G71.0
G97.61,2016,G97.51
G97.62,2016,G97.52
G97.63,2016,G97.51
G97.64,2016,G97.52
H01.00A,2018,H01.001 and H01.002
H01.00B,2018,H01.004 and H01.005
H01.01A,2018,H01.011 and H01.012
H01.01B,2018,H01.014 and H01.015
H01.02A,2018,H01.021 and H01.022
H01.02B,2018,H01.024 and H01.025
H02.151,2018,H02.101-H02.106; H02.109
H02.152,2018,H02.101-H02.106; H02.109
H02.153,2018,H02.101-H02.106; H02.109
H02.154,2018,H02.101-H02.106; H02.109
H02.155,2018,H02.101-H02.106; H02.109
H02.156,2018,H02.101-H02.106; H02.109
H02.159,2018,H02.101-H02.106; H02.109
H02.20A,2018,H02.201 and H02.202
H02.20B,2018,H02.204 and H02.205
H02.20C,2018,"H02.201, H02.202, H02.204 and H02.205"
H02.21A,2018,H02.211 and H02.212
H02.21B,2018,H02.214 and H02.215
H02.21C,2018,"H02.211, H02.212, H02.214 and H02.215"
H02.22A,2018,H02.221 and H02.222
H02.22B,2018,H02.224 and H02.225
H02.22C,2018,"H02.221, H02.222, H02.224 and H02.225"
H02.23A,2018,H02.231 and H02.232
H02.23B,2018,H02.234 and H02.235
H02.23C,2018,"H02.231, H02.232, H02.234 and H02.235"
H02.881,2018,H02.89
H02.882,2018,H02.89
H02.883,2018,H02.89
H02.884,2018,H02.89
H02.885 ,2018,H02.89
H02.886,2018,H02.89
H02.889 ,2018,H02.89
H02.88A,2018,H02.89
H02.88B,2018,H02.89
H10.821,2018,H10.89
H10.822,2018,H10.89
H10.823,2018,H10.89
H10.829,2018,H10.89
H34.8110,2016,H34.811
H34.8111,2016,H34.811
H34.8112,2016,H34.811
H34.8120,2016,H34.812
H34.8121,2016,H34.812
H34.8122,2016,H34.812
H34.8130,2016,H34.813
H34.8131,2016,H34.813
H34.8132,2016,H34.813
H34.8190,2016,H34.819
H34.8191,2016,H34.819
H34.8192,2016,H34.819
H34.8310,2016,H34.831
H34.8311,2016,H34.831
H34.8312,2016,H34.831
H34.8320,2016,H34.832
H34.8321,2016,H34.832
H34.8322,2016,H34.832
H34.8330,2016,H34.833
H34.8331,2016,H34.833
H34.8332,2016,H34.833
H34.8390,2016,H34.839
H34.8391,2016,H34.839
H34.8392,2016,H34.839
H35.3110,2016,H35.31
H35.3111,2016,H35.31
H35.3112,2016,H35.31
H35.3113,2016,H35.31
H35.3114,2016,H35.31
H35.3120,2016,H35.31
H35.3121,2016,H35.31
H35.3122,2016,H35.31
H35.3123,2016,H35.31
H35.3124,2016,H35.31
H35.3130,2016,H35.31
H35.3131,2016,H35.31
H35.3132,2016,H35.31
H35.3133,2016,H35.31
H35.3134,2016,H35.31
H35.3190,2016,H35.31
H35.3191,2016,H35.31
H35.3192,2016,H35.31
H35.3193,2016,H35.31
H35.3194,2016,H35.31
H35.3210,2016,H35.32
H35.3211,2016,H35.32
H35.3212,2016,H35.32
H35.3213,2016,H35.32
H35.3220,2016,H35.32
H35.3221,2016,H35.32
H35.3222,2016,H35.32
H35.3223,2016,H35.32
H35.3230,2016,H35.32
H35.3231,2016,H35.32
H35.3232,2016,H35.32
H35.3233,2016,H35.32
H35.3290,2016,H35.32
H35.3291,2016,H35.32
H35.3292,2016,H35.32
H35.3293,2016,H35.32
H40.1110,2016,H40.11X0
H40.1111,2016,H40.11X1
H40.1112,2016,H40.11X2
H40.1113,2016,H40.11X3
H40.1114,2016,H40.11X4
H40.1120,2016,H40.11X0
H40.1121,2016,H40.11X1
H40.1122,2016,H40.11X2
H40.1123,2016,H40.11X3
H40.1124,2016,H40.11X4
H40.1130,2016,H40.11X0
H40.1131,2016,H40.11X1
H40.1132,2016,H40.11X2
H40.1133,2016,H40.11X3
H40.1134,2016,H40.11X4
H40.1190,2016,H40.11X0
H40.1191,2016,H40.11X1
H40.1192,2016,H40.11X2
H40.1193,2016,H40.11X3
H40.1194,2016,H40.11X4
H44.2A1,2017,H44.20-H44.23 and H35.051-H35.059
H44.2A2,2017,H44.20-H44.23 and H35.051-H35.059
H44.2A3,2017,H44.20-H44.23 and H35.051-H35.059
H44.2A9,2017,H44.20-H44.23 and H35.051-H35.059
H44.2B1,2017,H44.20-H44.23 and H35.30
H44.2B2,2017,H44.20-H44.23 and H35.30
H44.2B3,2017,H44.20-H44.23 and H35.30
H44.2B9,2017,H44.20-H44.23 and H35.30
H44.2C1,2017,H44.20-H44.23 and H33.2
H44.2C2,2017,H44.20-H44.23 and H33.2
H44.2C3,2017,H44.20-H44.23 and H33.2
H44.2C9,2017,H44.20-H44.23 and H33.2
H44.2D1,2017,H44.20-H44.23
H44.2D2,2017,H44.20-H44.23
H44.2D3,2017,H44.20-H44.23
H44.2D9,2017,H44.20-H44.23
H44.2E1,2017,H44.20-H44.23
H44.2E2,2017,H44.20-H44.23
H44.2E3,2017,H44.20-H44.23
H44.2E9,2017,H44.20-H44.23
H53.041,2016,H53.001
H53.042,2016,H53.002
H53.043,2016,H53.003
H53.049,2016,H53.009
H54.0X33,2017,H54.0
H54.0X34,2017,H54.0
H54.0X35,2017,H54.0
H54.0X43,2017,H54.0
H54.0X44,2017,H54.0
H54.0X45,2017,H54.0
H54.0X53,2017,H54.0
H54.0X54,2017,H54.0
H54.0X55,2017,H54.0
H54.1131,2017,H54.11
H54.1132,2017,H54.11
H54.1141,2017,H54.11
H54.1142,2017,H54.11
H54.1151,2017,H54.11
H54.1152,2017,H54.11
H54.1213,2017,H54.12
H54.1214,2017,H54.12
H54.1215,2017,H54.12
H54.1223,2017,H54.12
H54.1224,2017,H54.12
H54.1225,2017,H54.12
H54.2X11,2017,H54.2
H54.2X12,2017,H54.2
H54.2X21,2017,H54.2
H54.2X22,2017,H54.2
H54.413A,2017,H54.41
H54.414A,2017,H54.41
H54.415A,2017,H54.41
H54.42A3,2017,H54.42
H54.42A4,2017,H54.42
H54.42A5,2017,H54.42
H54.511A,2017,H54.51
H54.512A,2017,H54.51
H54.52A1,2017,H54.52
H54.52A2,2017,H54.52
H57.811,2018,H57.8
H57.812,2018,H57.8
H57.813,2018,H57.8
H57.819,2018,H57.8
H57.89,2018,H57.8
H59.331,2016,H59.311
H59.332,2016,H59.312
H59.333,2016,H59.313
H59.339,2016,H59.319
H59.341,2016,H59.321
H59.342,2016,H59.322
H59.343,2016,H59.323
H59.349,2016,H59.329
H59.351,2016,H59.311
H59.352,2016,H59.312
H59.353,2016,H59.313
H59.359,2016,H59.319
H59.361,2016,H59.321
H59.362,2016,H59.322
H59.363,2016,H59.323
H59.369,2016,H59.329
H81.4,2019,H81.41-H81.43; H81.49
H90.A11,2016,H90.2
H90.A12,2016,H90.2
H90.A21,2016,H90.5
H90.A22,2016,H90.5
H90.A31,2016,H90.8
H90.A32,2016,H90.8
H93.A1 ,2016,H93.11
H93.A2 ,2016,H93.12
H93.A3 ,2016,H93.13
H93.A9,2016,H93.19
H95.51,2016,H95.41
H95.52,2016,H95.42
H95.53,2016,H95.41
H95.54,2016,H95.42
I16.0,2016,I10
I16.1,2016,I10
I16.9,2016,I10
I21.9,2017,I21.3
I21.A1,2017,I21.3
I21.A9,2017,I21.3
I26.93,2019,I26.99
I26.94,2019,I26.99
I27.20,2017,I27.2
I27.21,2017,I27.2
I27.22,2017,I27.2
I27.23,2017,I27.2
I27.24,2017,I27.2
I27.29,2017,I27.2
I27.83,2017,I27.89
I48.11,2019,I48.1
I48.19,2019,I48.1
I48.20,2019,I48.2
I48.21,2019,I48.2
I50.810,2017,I50.9
I50.811,2017,I50.9
I50.812,2017,I50.9
I50.813,2017,I50.9
I50.814,2017,I50.9
I50.82,2017,I50.9
I50.83,2017,I50.9
I50.84,2017,I50.9
I50.89,2017,I50.9
I60.2,2016,I60.20-I60.22
I63.013,2016,I63.011 AND I63.012
I63.033,2016,I63.031 AND I63.032
I63.113,2016,I63.111 AND I63.112
I63.133,2016,I63.131 AND I63.132
I63.213,2016,I63.211 AND I63.212
I63.233,2016,I63.231 AND I63.232
I63.313,2016,I63.311 AND I63.312
I63.323,2016,I63.321 AND I63.322
I63.333,2016,I63.331 AND I63.332
I63.413,2016,I63.411 AND I63.412
I63.423,2016,I63.421 AND I63.422
I63.433,2016,I63.431 AND I63.432
I63.513,2016,I63.511 AND I63.512
I63.523,2016,I63.521 AND I63.522
I63.533,2016,I63.531 AND I63.532
I63.543,2016,I63.541 AND I63.542
I63.81,2018,I63.8
I63.89,2018,I63.8
I67.850,2018,I67.89
I67.858,2018,I67.89
I69.010,2016,I69.01
I69.011,2016,I69.01
I69.012,2016,I69.01
I69.013,2016,I69.01
I69.014,2016,I69.01
I69.015,2016,I69.01
I69.018,2016,I69.01
I69.019,2016,I69.01
I69.110,2016,I69.11
I69.111,2016,I69.11
I69.112,2016,I69.11
I69.113,2016,I69.11
I69.114,2016,I69.11
I69.115,2016,I69.11
I69.118,2016,I69.11
I69.119,2016,I69.11
I69.210,2016,I69.21
I69.211,2016,I69.21
I69.212,2016,I69.21
I69.213,2016,I69.21
I69.214,2016,I69.21
I69.215,2016,I69.21
I69.218,2016,I69.21
I69.219,2016,I69.21
I69.310,2016,I69.31
I69.311,2016,I69.31
I69.312,2016,I69.31
I69.313,2016,I69.31
I69.314,2016,I69.31
I69.315,2016,I69.31
I69.318,2016,I69.31
I69.319,2016,I69.31
I69.810,2016,I69.81
I69.811,2016,I69.81
I69.812,2016,I69.81
I69.813,2016,I69.81
I69.814,2016,I69.81
I69.815,2016,I69.81
I69.818,2016,I69.81
I69.819,2016,I69.81
I69.910,2016,I69.91
I69.911,2016,I69.91
I69.912,2016,I69.91
I69.913,2016,I69.91
I69.914,2016,I69.91
I69.915,2016,I69.91
I69.918,2016,I69.91
I69.919,2016,I69.91
I72.5,2016,I72.8
I72.6,2016,I72.8
I77.70,2016,I77.79
I77.75,2016,I77.79
I77.76,2016,I77.79
I77.77,2016,I77.79
I80.241,2019,I80.291
I80.242,2019,I80.292
I80.243,2019,I80.293
I80.249,2019,I80.299
I80.251,2019,I80.291
I80.252,2019,I80.292
I80.253,2019,I80.293
I80.259,2019,I80.299
I82.451,2019,I82.491
I82.452,2019,I82.492
I82.453,2019,I82.493
I82.459,2019,I82.499
I82.461,2019,I82.491
I82.462,2019,I82.492
I82.463,2019,I82.493
I82.469,2019,I82.499
I82.551,2019,I82.591
I82.552,2019,I82.592
I82.553,2019,I82.593
I82.559,2019,I82.599
I82.561,2019,I82.591
I82.562,2019,I82.592
I82.563,2019,I82.593
I82.569,2019,I82.599
I97.620,2016,I97.62
I97.621,2016,I97.62
I97.622,2016,I97.62
I97.630,2016,I97.610
I97.631,2016,I97.611
I97.638,2016,I97.618
I97.640,2016,I97.610
I97.641,2016,I97.611
I97.648,2016,I97.618
J95.860,2016,J95.830
J95.861,2016,J95.831
J95.862,2016,J95.830
J95.863,2016,J95.831
J98.51,2016,J98.5
J98.59,2016,J98.5
K04.01,2016,K04.0
K04.02,2016,K04.0
K05.211,2016,K05.21
K05.212,2016,K05.21
K05.213,2016,K05.21
K05.219,2016,K05.21
K05.221,2016,K05.22
K05.222,2016,K05.22
K05.223,2016,K05.22
K05.229,2016,K05.22
K05.311,2016,K05.31
K05.312,2016,K05.31
K05.313,2016,K05.31
K05.319,2016,K05.31
K05.321,2016,K05.32
K05.322,2016,K05.32
K05.323,2016,K05.32
K05.329,2016,K05.32
K06.010,2017,K06.0
K06.011,2017,K06.0
K06.012,2017,K06.0
K06.013,2017,K06.0
K06.020,2017,K06.0
K06.021,2017,K06.0
K06.022,2017,K06.0
K06.023,2017,K06.0
K06.3,2016,K06.8
K08.81,2016,K08.8
K08.82,2016,K08.8
K08.89,2016,K08.8
K35.20,2018,K35.2
K35.21,2018,K35.2
K35.30,2018,K35.3
K35.31,2018,K35.3
K35.32,2018,K35.3
K35.33,2018,K35.3
K35.890,2018,K35.89
K35.891,2018,K35.89
K52.21,2016,K52.2
K52.22,2016,K52.2
K52.29,2016,K52.2
K52.3,2016,K52.9
K52.831,2016,K52.89
K52.832,2016,K52.89
K52.838,2016,K52.89
K52.839,2016,K52.89
K55.011,2016,K55.0
K55.012,2016,K55.0
K55.019,2016,K55.0
K55.021,2016,K55.0
K55.022,2016,K55.0
K55.029,2016,K55.0
K55.031,2016,K55.0
K55.032,2016,K55.0
K55.039,2016,K55.0
K55.041,2016,K55.0
K55.042,2016,K55.0
K55.049,2016,K55.0
K55.051,2016,K55.0
K55.052,2016,K55.0
K55.059,2016,K55.0
K55.061,2016,K55.0
K55.062,2016,K55.0
K55.069,2016,K55.0
K55.30,2016,K55.8
K55.31,2016,K55.8
K55.32,2016,K55.8
K55.33,2016,K55.8
K56.50,2017,K56.5
K56.51,2017,K56.5
K56.52,2017,K56.5
K56.600,2017,K56.60
K56.601,2017,K56.60
K56.609,2017,K56.60
K56.690,2017,K56.69
K56.691,2017,K56.69
K56.699,2017,K56.69
K58.1,2016,K58.9 AND K59.00
K58.2,2016,K58.9
K58.8,2016,K58.9
K59.03,2016,K59.09 AND Code from categories T36-T50
K59.04,2016,K59.09
K59.31,2016,K59.3
K59.39,2016,K59.3
K61.31,2018,K61.3
K61.39,2018,K61.3
K61.5,2018,K61.3
K82.A1,2018,K81.0
K82.A2,2018,K82.2 and K81.9
K83.01,2018,K83.0
K83.09,2018,K83.0
K85.00,2016,K85.0
K85.01,2016,K85.0
K85.02,2016,K85.0
K85.10,2016,K85.1
K85.11,2016,K85.1
K85.12,2016,K85.1
K85.20,2016,K85.2
K85.21,2016,K85.2
K85.22,2016,K85.2
K85.30,2016,K85.3
K85.31,2016,K85.3
K85.32,2016,K85.3
K85.90,2016,K85.9
K85.91,2016,K85.9
K85.92,2016,K85.9
K86.81,2016,K86.8
K86.89,2016,K86.8
K90.41,2016,K90.4
K90.49,2016,K90.4
K91.30,2017,K91.3
K91.31,2017,K91.3
K91.32,2017,K91.3
K91.870,2016,K91.840
K91.871,2016,K91.841
K91.872,2016,K91.840
K91.873,2016,K91.841
L03.213,2016,H05.011-H05.013; H05.019
L76.31,2016,L76.21
L76.32,2016,L76.22
L76.33,2016,L76.21
L76.34,2016,L76.22
L89.006,2019,L89.000
L89.016,2019,L89.010
L89.026,2019,L89.020
L89.106,2019,L89.100
L89.116,2019,L89.110
L89.126,2019,L89.120
L89.136,2019,L89.130
L89.146,2019,L89.140
L89.156,2019,L89.150
L89.206,2019,L89.200
L89.216,2019,L89.210
L89.226,2019,L89.220
L89.306,2019,L89.300
L89.316,2019,L89.310
L89.326,2019,L89.320
L89.46,2019,L89.45
L89.506,2019,L89.500
L89.516,2019,L89.510
L89.526,2019,L89.520
L89.606,2019,L89.600
L89.616,2019,L89.610
L89.626,2019,L89.620
L89.816,2019,L89.810
L89.896,2019,L89.890
L89.96,2019,L89.95
L97.105,2017,L97.109
L97.106,2017,L97.109
L97.108,2017,L97.109
L97.115,2017,L97.119
L97.116,2017,L97.119
L97.118,2017,L97.119
L97.125,2017,L97.129
L97.126,2017,L97.129
L97.128,2017,L97.129
L97.205,2017,L97.209
L97.206,2017,L97.209
L97.208,2017,L97.209
L97.215,2017,L97.219
L97.216,2017,L97.219
L97.218,2017,L97.219
L97.225,2017,L97.229
L97.226,2017,L97.229
L97.228,2017,L97.229
L97.305,2017,L97.309
L97.306,2017,L97.309
L97.308,2017,L97.309
L97.315,2017,L97.319
L97.316,2017,L97.319
L97.318,2017,L97.319
L97.325,2017,L97.329
L97.326,2017,L97.329
L97.328,2017,L97.329
L97.405,2017,L97.409
L97.406,2017,L97.409
L97.408,2017,L97.409
L97.415,2017,L97.419
L97.416,2017,L97.419
L97.418,2017,L97.419
L97.425,2017,L97.429
L97.426,2017,L97.429
L97.428,2017,L97.429
L97.505,2017,L97.509
L97.506,2017,L97.509
L97.508,2017,L97.509
L97.515,2017,L97.519
L97.516,2017,L97.519
L97.518,2017,L97.519
L97.525,2017,L97.529
L97.526,2017,L97.529
L97.528,2017,L97.529
L97.805,2017,L97.809
L97.806,2017,L97.809
L97.808,2017,L97.809
L97.815,2017,L97.819
L97.816,2017,L97.819
L97.818,2017,L97.819
L97.825,2017,L97.829
L97.826,2017,L97.829
L97.828,2017,L97.829
L97.905,2017,L97.909
L97.906,2017,L97.909
L97.908,2017,L97.909
L97.915,2017,L97.919
L97.916,2017,L97.919
L97.918,2017,L97.919
L97.925,2017,L97.929
L97.926,2017,L97.929
L97.928,2017,L97.929
L98.7,2016,L98.8
L98.415,2017,L98.419
L98.416,2017,L98.419
L98.418,2017,L98.419
L98.425,2017,L98.429
L98.426,2017,L98.429
L98.428,2017,L98.429
L98.495,2017,L98.499
L98.496,2017,L98.499
L98.498,2017,L98.499
M04.1,2016,E85.0
M04.2,2016,L50.2
M04.8,2016,None
M04.9,2016,None
M21.611,2016,M20.11
M21.612,2016,M20.12
M21.619,2016,M20.10
M21.621,2016,M20.11
M21.622,2016,M20.12
M21.629,2016,M20.10
M25.541,2016,M79.641
M25.542,2016,M79.642
M25.549,2016,M79.643
M26.601,2016,M26.60
M26.602,2016,M26.60
M26.603,2016,M26.60
M26.609,2016,M26.60
M26.611,2016,M26.61
M26.612,2016,M26.61
M26.613,2016,M26.61
M26.619,2016,M26.61
M26.621,2016,M26.62
M26.622,2016,M26.62
M26.623,2016,M26.62
M26.629,2016,M26.62
M26.631,2016,M26.63
M26.632,2016,M26.63
M26.633,2016,M26.63
M26.639,2016,M26.63
M33.03,2017,M33.00
M33.13,2017,M33.10
M33.93,2017,M33.90
M48.061,2017,M48.06
M48.062,2017,M48.06
M50.020,2016,M50.02
M50.021,2016,M50.02
M50.022,2016,M50.02
M50.023,2016,M50.02
M50.120,2016,M50.12
M50.121,2016,M50.12
M50.122,2016,M50.12
M50.123,2016,M50.12
M50.220,2016,M50.22
M50.221,2016,M50.22
M50.222,2016,M50.22
M50.223,2016,M50.22
M50.320,2016,M50.32
M50.321,2016,M50.32
M50.322,2016,M50.32
M50.323,2016,M50.32
M50.820,2016,M50.82
M50.821,2016,M50.82
M50.822,2016,M50.82
M50.823,2016,M50.82
M50.920,2016,M50.92
M50.921,2016,M50.92
M50.922,2016,M50.92
M50.923,2016,M50.92
M62.84,2016,R64
M79.10,2018,M79.1
M79.11,2018,M79.1
M79.12,2018,M79.1
M79.18  ,2018,M79.1
M84.750A,2016,"S72.8X1A, S72.8X2A, S72.8X9A"
M84.750D,2016,"S72.8X1D, S72.8X2D, S72.8X9D"
M84.750G,2016,"S72.8X1G, S72.8X2G, S72.8X9G"
M84.750K,2016,"S72.8X1K, S72.8X2K, S72.8X9K"
M84.750P,2016,"S72.8X1P, S72.8X2P, S72.8X9P"
M84.750S,2016,"S72.8X1S, S72.8X2S, S72.8X9S"
M84.751A,2016,"S72.8X1A, S72.8X2A, S72.8X9A"
M84.751D,2016,"S72.8X1D, S72.8X2D, S72.8X9D"
M84.751G,2016,"S72.8X1G, S72.8X2G, S72.8X9G"
M84.751K,2016,"S72.8X1K, S72.8X2K, S72.8X9K"
M84.751P,2016,"S72.8X1P, S72.8X2P, S72.8X9P"
M84.751S,2016,"S72.8X1S, S72.8X2S, S72.8X9S"
M84.752A,2016,"S72.8X1A, S72.8X2A, S72.8X9A"
M84.752D,2016,"S72.8X1D, S72.8X2D, S72.8X9D"
M84.752G,2016,"S72.8X1G, S72.8X2G, S72.8X9G"
M84.752K,2016,"S72.8X1K, S72.8X2K, S72.8X9K"
M84.752P,2016,"S72.8X1P, S72.8X2P, S72.8X9P"
M84.752S,2016,"S72.8X1S, S72.8X2S, S72.8X9S"
M84.753A,2016,"S72.8X1A, S72.8X2A, S72.8X9A"
M84.753D,2016,"S72.8X1D, S72.8X2D, S72.8X9D"
M84.753G,2016,"S72.8X1G, S72.8X2G, S72.8X9G"
M84.753K,2016,"S72.8X1K, S72.8X2K, S72.8X9K"
M84.753P,2016,"S72.8X1P, S72.8X2P, S72.8X9P"
M84.753S,2016,"S72.8X1S, S72.8X2S, S72.8X9S"
M84.754A,2016,"S72.8X1A, S72.8X2A, S72.8X9A"
M84.754D,2016,"S72.8X1D, S72.8X2D, S72.8X9D"
M84.754G,2016,"S72.8X1G, S72.8X2G, S72.8X9G"
M84.754K,2016,"S72.8X1K, S72.8X2K, S72.8X9K"
M84.754P,2016,"S72.8X1P, S72.8X2P, S72.8X9P"
M84.754S,2016,"S72.8X1S, S72.8X2S, S72.8X9S"
M84.755A,2016,"S72.8X1A, S72.8X2A, S72.8X9A"
M84.755D,2016,"S72.8X1D, S72.8X2D, S72.8X9D"
M84.755G,2016,"S72.8X1G, S72.8X2G, S72.8X9G"
M84.755K,2016,"S72.8X1K, S72.8X2K, S72.8X9K"
M84.755P,2016,"S72.8X1P, S72.8X2P, S72.8X9P"
M84.755S,2016,"S72.8X1S, S72.8X2S, S72.8X9S"
M84.756A,2016,"S72.8X1A, S72.8X2A, S72.8X9A"
M84.756D,2016,"S72.8X1D, S72.8X2D, S72.8X9D"
M84.756G,2016,"S72.8X1G, S72.8X2G, S72.8X9G"
M84.756K,2016,"S72.8X1K, S72.8X2K, S72.8X9K"
M84.756P,2016,"S72.8X1P, S72.8X2P, S72.8X9P"
M84.756S,2016,"S72.8X1S, S72.8X2S, S72.8X9S"
M84.757A,2016,"S72.8X1A, S72.8X2A, S72.8X9A"
M84.757D,2016,"S72.8X1D, S72.8X2D, S72.8X9D"
M84.757G,2016,"S72.8X1G, S72.8X2G, S72.8X9G"
M84.757K,2016,"S72.8X1K, S72.8X2K, S72.8X9K"
M84.757P,2016,"S72.8X1P, S72.8X2P, S72.8X9P"
M84.757S,2016,"S72.8X1S, S72.8X2S, S72.8X9S"
M84.759A,2016,"S72.8X1A, S72.8X2A, S72.8X9A"
M84.759D,2016,"S72.8X1D, S72.8X2D, S72.8X9D"
M84.759G,2016,"S72.8X1G, S72.8X2G, S72.8X9G"
M84.759K,2016,"S72.8X1K, S72.8X2K, S72.8X9K"
M84.759P,2016,"S72.8X1P, S72.8X2P, S72.8X9P"
M84.759S,2016,"S72.8X1S, S72.8X2S, S72.8X9S"
M96.840,2016,M96.830
M96.841,2016,M96.831
M96.842,2016,M96.830
M96.843,2016,M96.831
M97.01XA,2016,T84.040A
M97.01XD,2016,T84.040D
M97.01XS,2016,T84.040S
M97.02XA,2016,T84.041A
M97.02XD,2016,T84.041D
M97.02XS,2016,T84.041S
M97.11XA,2016,T84.042A
M97.11XD,2016,T84.042D
M97.11XS,2016,T84.042S
M97.12XA,2016,T84.043A
M97.12XD,2016,T84.043D
M97.12XS,2016,T84.043S
M97.21XA,2016,T84.048A
M97.21XD,2016,T84.048D
M97.21XS,2016,T84.048S
M97.22XA,2016,T84.048A
M97.22XD,2016,T84.048D
M97.22XS,2016,T84.048S
M97.31XA,2016,T84.048A
M97.31XD,2016,T84.048D
M97.31XS,2016,T84.048S
M97.32XA,2016,T84.048A
M97.32XD,2016,T84.048D
M97.32XS,2016,T84.048S
M97.41XA,2016,T84.048A
M97.41XD,2016,T84.048D
M97.41XS,2016,T84.048S
M97.42XA,2016,T84.048A
M97.42XD,2016,T84.048D
M97.42XS,2016,T84.048S
M97.8XXA,2016,T84.048A
M97.8XXD,2016,T84.048D
M97.8XXS,2016,T84.048D
M97.9XXA,2016,T84.049A
M97.9XXD,2016,T84.049D
M97.9XXS,2016,T84.049S
N13.0,2016,N13.1
N35.016,2018,N35.014
N35.116,2018,N35.114
N35.811,2018,N35.8
N35.812,2018,N35.8
N35.813,2018,N35.8
N35.814,2018,N35.8
N35.816,2018,N35.8
N35.819,2018,N35.8
N35.82,2018,N35.8
N35.911,2018,N35.9
N35.912,2018,N35.9
N35.913,2018,N35.9
N35.914,2018,N35.9
N35.916,2018,N35.9
N35.919,2018,N35.9
N35.92,2018,N35.9
N39.491,2016,N39.498
N39.492,2016,N39.498
N42.30,2016,N42.3
N42.31,2016,N42.3
N42.32,2016,N42.3
N42.39,2016,N42.3
N50.811,2016,N50.8
N50.812,2016,N50.8
N50.819,2016,N50.8
N50.82,2016,N50.8
N50.89,2016,N50.8
N52.35,2016,N52.39
N52.36,2016,N52.39
N52.37,2016,N52.39
N61.0,2016,N61
N61.1,2016,N61
N63.0,2017,N63
N63.10,2017,N63
N63.11,2017,N63
N63.12,2017,N63
N63.13,2017,N63
N63.14,2017,N63
N63.15,2019,N63.11-N63.14
N63.20,2017,N63
N63.21,2017,N63
N63.22,2017,N63
N63.23,2017,N63
N63.24,2017,N63
N63.25,2019,N63.21-N63.24
N63.31,2017,N63
N63.32,2017,N63
N63.41,2017,N63
N63.42,2017,N63
N83.00,2016,N83.0
N83.01,2016,N83.0
N83.02,2016,N83.0
N83.10,2016,N83.1
N83.11,2016,N83.1
N83.12,2016,N83.1
N83.201,2016,N83.20
N83.202,2016,N83.20
N83.209,2016,N83.20
N83.291,2016,N83.29
N83.292,2016,N83.29
N83.299,2016,N83.29
N83.311,2016,N83.31
N83.312,2016,N83.31
N83.319,2016,N83.31
N83.321,2016,N83.32
N83.322,2016,N83.32
N83.329,2016,N83.32
N83.331,2016,N83.33
N83.332 ,2016,N83.33
N83.339,2016,N83.33
N83.40,2016,N83.4
N83.41,2016,N83.4
N83.42,2016,N83.4
N83.511,2016,N83.51
N83.512,2016,N83.51
N83.519,2016,N83.51
N83.521,2016,N83.52
N83.522,2016,N83.52
N83.529,2016,N83.52
N90.60,2016,N90.6
N90.61,2016,N90.6
N90.69,2016,N90.6
N94.10,2016,N94.1
N94.11,2016,N94.1
N94.12,2016,N94.1
N94.19,2016,N94.1
N99.115,2016,N99.114
N99.116,2018,N99.114
N99.523,2016,N99.528
N99.524,2016,N99.528
N99.533,2016,N99.538
N99.534,2016,N99.538
N99.840,2016,N99.820
N99.841,2016,N99.821
N99.842,2016,N99.820
N99.843,2016,N99.821
N99.85,2019,N99.89
O00.00,2016,O00.0
O00.01,2016,O00.0
O00.10,2016,O00.1
O00.101,2017,O00.10
O00.102,2017,O00.10
O00.109,2017,O00.10
O00.11,2016,O00.1
O00.111,2017,O00.11
O00.112,2017,O00.11
O00.119,2017,O00.11
O00.20,2016,O00.2
O00.201,2017,O00.20
O00.202,2017,O00.20
O00.209,2017,O00.20
O00.21,2016,O00.2
O00.211,2017,O00.21
O00.212,2017,O00.21
O00.219,2017,O00.21
O00.80,2016,O00.8
O00.81,2016,O00.8
O00.90,2016,O00.9
O00.91,2016,O00.9
O09.A0,2016,O09.10
O09.A1,2016,O09.11
O09.A2,2016,O09.12
O09.A3,2016,O09.13
O11.4,2016,O11.9
O11.5,2016,O11.9
O12.04,2016,O12.00
O12.05,2016,O12.00
O12.14,2016,O12.10
O12.15,2016,O12.10
O12.24,2016,O12.20
O12.25,2016,O12.20
O13.4,2016,O13.9
O13.5,2016,O13.9
O14.04,2016,O14.00
O14.05,2016,O14.00
O14.14 ,2016,O14.10
O14.15,2016,O14.10
O14.24,2016,O14.20
O14.25,2016,O14.20
O14.94,2016,O14.90
O14.95,2016,O14.90
O16.4,2016,O16.9
O16.5,2016,O16.9
O24.415,2016,O24.419
O24.425,2016,O24.429
O24.435,2016,O24.439
O30.131,2018,O30.101
O30.132,2018,O30.101
O30.133,2018,O30.101
O30.139,2018,O30.101
O30.231,2018,O30.201
O30.232,2018,O30.201
O30.233,2018,O30.201
O30.239,2018,O30.201
O30.831,2018,O30.801
O30.832,2018,O30.801
O30.833,2018,O30.801
O30.839,2018,O30.801
O33.7XX0,2016,O33.7
O33.7XX1,2016,O33.7
O33.7XX2,2016,O33.7
O33.7XX3,2016,O33.7
O33.7XX4,2016,O33.7
O33.7XX5,2016,O33.7
O33.7XX9,2016,O33.7
O34.211,2016,O34.21
O34.212,2016,O34.21
O34.219,2016,O34.21
O36.8310,2017,O36.8910
O36.8311,2017,O36.8911
O36.8312,2017,O36.8912
O36.8313,2017,O36.8913
O36.8314,2017,O36.8914
O36.8315,2017,O36.8915
O36.8319,2017,O36.8919
O36.8320,2017,O36.8920
O36.8321,2017,O36.8921
O36.8322,2017,O36.8922
O36.8323,2017,O36.8923
O36.8324,2017,O36.8924
O36.8325,2017,O36.8925
O36.8329,2017,O36.8929
O36.8330,2017,O36.8930
O36.8331,2017,O36.8931
O36.8332,2017,O36.8932
O36.8333,2017,O36.8933
O36.8334,2017,O36.8934
O36.8335,2017,O36.8935
O36.8339,2017,O36.8939
O36.8390,2017,O36.8990
O36.8391,2017,O36.8991
O36.8392,2017,O36.8992
O36.8393,2017,O36.8993
O36.8394,2017,O36.8994
O36.8395,2017,O36.8995
O36.8399,2017,O36.8999
O44.20,2016,O44.00
O44.20,2016,O44.00
O44.21,2016,O44.01
O44.21,2016,O44.01
O44.22,2016,O44.02
O44.22,2016,O44.02
O44.23,2016,O44.03
O44.23,2016,O44.03
O44.30,2016,O44.10
O44.30,2016,O44.10
O44.31,2016,O44.11
O44.31,2016,O44.11
O44.32,2016,O44.12
O44.32,2016,O44.12
O44.33,2016,O44.13
O44.33,2016,O44.13
O44.40,2016,O44.00
O44.41,2016,O44.01
O44.42,2016,O44.02
O44.43,2016,O44.03
O44.50,2016,O44.10
O44.51,2016,O44.11
O44.52,2016,O44.12
O44.53,2016,O44.13
O70.20,2016,O70.2
O70.21,2016,O70.2
O70.22,2016,O70.2
O70.23,2016,O70.2
O86.00,2018,O86.0
O86.01,2018,O86.0
O86.02,2018,O86.0
O86.03,2018,O86.0
O86.04,2018,O86.0
O86.09,2018,O86.0
P02.70,2018,P02.7
P02.78,2018,P02.7
P04.11,2018,P04.1
P04.12,2018,P04.1
P04.13,2018,P04.1
P04.14,2018,P04.1
P04.15,2018,P04.1
P04.16,2018,P04.1
P04.17,2018,P04.1
P04.1A,2018,P04.1
P04.18,2018,P04.1
P04.19,2018,P04.1
P04.40,2018,P04.49
P04.42,2018,P04.49
P04.81,2018,P04.8
P04.89,2018,P04.8
P05.09,2016,None
P05.19,2016,None
P29.30,2017,P29.3
P29.38,2017,P29.3
P35.4,2018,P35.8 and A92.5
P74.21,2018,P74.2
P74.22,2018,P74.2
P74.31,2018,P74.3
P74.32,2018,P74.3
P74.41,2018,P74.4
P74.421,2018,P74.4
P74.422,2018,P74.4
P74.49,2018,P74.4
P78.84,2017,P78.89; E83.118
P83.81,2017,L92.9
P83.88,2017,P83.8
P91.811,2017,P91.8
P91.819,2017,P91.8
P91.88,2017,P91.8
Q25.21,2016,Q25.2
Q25.29,2016,Q25.2
Q25.40,2016,Q25.4
Q25.41,2016,Q25.4
Q25.42,2016,Q25.4
Q25.43,2016,Q25.4
Q25.44,2016,Q25.4
Q25.45,2016,Q25.4
Q25.46,2016,Q25.4
Q25.47,2016,Q25.4
Q25.48,2016,Q25.4
Q25.49,2016,Q25.4
Q51.20,2018,Q51.2
Q51.21,2018,Q51.2
Q51.22,2018,Q51.2
Q51.28,2018,Q51.2
Q52.120,2016,Q25.12
Q52.121,2016,Q25.12
Q52.122,2016,Q25.12
Q52.123,2016,Q25.12
Q52.124,2016,Q25.12
Q52.129,2016,Q25.12
Q53.111,2017,Q53.11
Q53.112,2017,Q53.11
Q53.13,2017,Q53.11
Q53.211,2017,Q53.21
Q53.212,2017,Q53.21
Q53.23,2017,Q53.21
Q66.00,2019,Q66.0
Q66.01,2019,Q66.0
Q66.02,2019,Q66.0
Q66.10,2019,Q66.1
Q66.11,2019,Q66.1
Q66.12,2019,Q66.1
Q66.21,2016,Q66.2
Q66.211,2019,Q66.21
Q66.212,2019,Q66.21
Q66.219,2019,Q66.21
Q66.22,2016,Q66.2
Q66.221,2019,Q66.22
Q66.222,2019,Q66.22
Q66.229,2019,Q66.22
Q66.30,2019,Q66.3
Q66.31,2019,Q66.3
Q66.32,2019,Q66.3
Q66.40,2019,Q66.4
Q66.41,2019,Q66.4
Q66.42,2019,Q66.4
Q66.70,2019,Q66.7
Q66.71,2019,Q66.7
Q66.72,2019,Q66.7
Q66.90,2019,Q66.9
Q66.91,2019,Q66.9
Q66.92,2019,Q66.9
Q79.60,2019,Q79.6
Q79.61,2019,Q79.6
Q79.62,2019,Q79.6
Q79.63,2019,Q79.6
Q79.69,2019,Q79.6
Q82.6,2016,"L05.01, L05.91"
Q87.11,2019,Q87.1
Q87.19,2019,Q87.1
Q87.82,2016,Q87.89
Q93.51,2018,Q93.5
Q93.59,2018,Q93.5
Q93.82,2018,Q93.89
R06.03,2017,R06.00
R11.15,2019,K31.89 and a code from R11-
R29.700,2016,None
R29.701,2016,None
R29.702,2016,None
R29.703,2016,None
R29.704,2016,None
R29.705,2016,None
R29.706,2016,None
R29.707,2016,None
R29.708,2016,None
R29.709,2016,None
R29.710,2016,None
R29.711,2016,None
R29.712,2016,None
R29.713,2016,None
R29.714,2016,None
R29.715,2016,None
R29.716,2016,None
R29.717,2016,None
R29.718,2016,None
R29.719,2016,None
R29.720,2016,None
R29.721,2016,None
R29.722,2016,None
R29.723,2016,None
R29.724,2016,None
R29.725,2016,None
R29.726,2016,None
R29.727,2016,None
R29.728,2016,None
R29.729,2016,None
R29.730,2016,None
R29.731,2016,None
R29.732,2016,None
R29.733,2016,None
R29.734,2016,None
R29.735,2016,None
R29.736,2016,None
R29.737,2016,None
R29.738,2016,None
R29.739,2016,None
R29.740,2016,None
R29.741,2016,None
R29.742,2016,None
R31.21,2016,R31.2
R31.29,2016,R31.2
R39.191,2016,R31.19
R39.192,2016,R31.19
R39.198,2016,R31.19
R39.82,2016,R39.89
R39.83,2017,R39.89
R39.84,2017,R39.89
R40.2410,2016,R40.241
R40.2411,2016,R40.241
R40.2412,2016,R40.241
R40.2413,2016,R40.241
R40.2414,2016,R40.241
R40.2420,2016,R40.242
R40.2421,2016,R40.242
R40.2422,2016,R40.242
R40.2423,2016,R40.242
R40.2424,2016,R40.242
R40.2430,2016,R40.243
R40.2431,2016,R40.243
R40.2432,2016,R40.243
R40.2433,2016,R40.243
R40.2434,2016,R40.243
R40.2440,2016,R40.244
R40.2441,2016,R40.244
R40.2442,2016,R40.244
R40.2443,2016,R40.244
R40.2444,2016,R40.244
R73.03,2016,R73.09
R82.71,2016,R82.7
R82.79,2016,R82.7
R82.81,2019,R82.8
R82.89,2019,R82.8
R82.991,2018,R82.99
R82.992,2018,R82.99
R82.993,2018,R82.99
R82.994,2018,R82.99
R82.998,2018,R82.99
R93.41,2016,R93.4
R93.421,2016,R93.4
R93.422,2016,R93.4
R93.429,2016,R93.4
R93.49,2016,R93.4
R93.811,2018,R93.8
R93.812,2018,R93.8
R93.813,2018,R93.8
R93.819,2018,R93.8
R93.89,2018,R93.8
R97.20,2016,R97.2
R97.21,2016,R97.2
S02.101A,2016,S02.10XA
S02.101B,2016,S02.10XB
S02.101D,2016,S02.10XD
S02.101G,2016,S02.10XG
S02.101K,2016,S02.10XK
S02.101S,2016,S02.10XS
S02.102A,2016,S02.10XA
S02.102B,2016,S02.10XB
S02.102D,2016,S02.10XD
S02.102G,2016,S02.10XG
S02.102K,2016,S02.10XK
S02.102S,2016,S02.10XS
S02.109A,2016,S02.10XA
S02.109B,2016,S02.10XB
S02.109D,2016,S02.10XD
S02.109G,2016,S02.10XG
S02.109K,2016,S02.10XK
S02.109S,2016,S02.10XS
S02.11AA,2016,S02.110A
S02.11AB,2016,S02.110B
S02.11AD,2016,S02.110D
S02.11AG,2016,S02.110G
S02.11AK,2016,S02.110K
S02.11AS,2016,S02.110S
S02.11BA,2016,S02.110A
S02.11BB,2016,S02.110B
S02.11BD,2016,S02.110D
S02.11BG,2016,S02.110G
S02.11BK,2016,S02.110K
S02.11BS,2016,S02.110S
S02.11CA,2016,S02.111A
S02.11CB,2016,S02.111B
S02.11CD,2016,S02.111D
S02.11CG,2016,S02.111G
S02.11CK,2016,S02.111K
S02.11CS,2016,S02.111S
S02.11DA,2016,S02.111A
S02.11DB,2016,S02.111B
S02.11DD,2016,S02.111D
S02.11DG,2016,S02.111G
S02.11DK,2016,S02.111K
S02.11DS,2016,S02.111S
S02.11EA,2016,S02.112A
S02.11EB,2016,S02.112B
S02.11ED,2016,S02.112D
S02.11EG,2016,S02.112G
S02.11EK,2016,S02.112K
S02.11ES,2016,S02.112S
S02.11FA,2016,S02.112A
S02.11FB,2016,S02.112B
S02.11FD,2016,S02.112D
S02.11FG,2016,S02.112G
S02.11FK,2016,S02.112K
S02.11FS,2016,S02.112S
S02.11GA,2016,S02.118A
S02.11GB,2016,S02.118B
S02.11GD,2016,S02.118D
S02.11GG,2016,S02.118G
S02.11GK,2016,S02.118K
S02.11GS,2016,S02.118S
S02.11HA,2016,S02.118A
S02.11HB,2016,S02.118B
S02.11HD,2016,S02.118D
S02.11HG,2016,S02.118G
S02.11HK,2016,S02.118K
S02.11HS,2016,S02.118S
S02.121A,2019,S02.19A
S02.121B,2019,S02.19B
S02.121D,2019,S02.19D
S02.121G,2019,S02.19G
S02.121K,2019,S02.19K
S02.121S,2019,S02.19S
S02.122A,2019,S02.19A
S02.122B,2019,S02.19B
S02.122D,2019,S02.19D
S02.122G,2019,S02.19G
S02.122K,2019,S02.19K
S02.122S,2019,S02.19S
S02.129A,2019,S02.19A
S02.129B,2019,S02.19B
S02.129D,2019,S02.19D
S02.129G,2019,S02.19G
S02.129K,2019,S02.19K
S02.129S,2019,S02.19S
S02.30XA,2016,S02.3XXA
S02.30XB,2016,S02.3XXB
S02.30XD,2016,S02.3XXD
S02.30XG,2016,S02.3XXG
S02.30XK,2016,S02.3XXK
S02.30XS,2016,S02.3XXS
S02.31XA,2016,S02.3XXA
S02.31XB,2016,S02.3XXB
S02.31XD,2016,S02.3XXD
S02.31XG,2016,S02.3XXG
S02.31XK,2016,S02.3XXK
S02.31XS,2016,S02.3XXS
S02.32XA,2016,S02.3XXA
S02.32XB,2016,S02.3XXB
S02.32XD,2016,S02.3XXD
S02.32XG,2016,S02.3XXG
S02.32XK,2016,S02.3XXK
S02.32XS,2016,S02.3XXS
S02.40AA,2016,S02.400A
S02.40AB,2016,S02.400B
S02.40AD,2016,S02.400D
S02.40AG,2016,S02.400G
S02.40AK,2016,S02.400K
S02.40AS,2016,S02.400S
S02.40BA,2016,S02.400A
S02.40BB,2016,S02.400B
S02.40BD,2016,S02.400D
S02.40BG,2016,S02.400G
S02.40BK,2016,S02.400K
S02.40BS,2016,S02.400S
S02.40CA,2016,S02.401A
S02.40CB,2016,S02.401B
S02.40CD,2016,S02.401D
S02.40CG,2016,S02.401G
S02.40CK,2016,S02.401K
S02.40CS,2016,S02.401S
S02.40DA,2016,S02.401A
S02.40DB,2016,S02.401B
S02.40DD,2016,S02.401D
S02.40DG,2016,S02.401G
S02.40DK,2016,S02.401K
S02.40DS,2016,S02.401S
S02.40EA,2016,S02.402A
S02.40EB,2016,S02.402B
S02.40ED,2016,S02.402D
S02.40EG,2016,S02.402G
S02.40EK,2016,S02.402K
S02.40ES,2016,S02.402S
S02.40FA,2016,S02.402A
S02.40FB,2016,S02.402B
S02.40FD,2016,S02.402D
S02.40FG,2016,S02.402G
S02.40FK,2016,S02.402K
S02.40FS,2016,S02.402S
S02.601A,2016,S02.600A
S02.601B,2016,S02.600B
S02.601D,2016,S02.600D
S02.601G,2016,S02.600G
S02.601K,2016,S02.600K
S02.601S,2016,S02.600S
S02.602A,2016,S02.600A
S02.602B,2016,S02.600B
S02.602D,2016,S02.600D
S02.602G,2016,S02.600G
S02.602K,2016,S02.600K
S02.602S,2016,S02.600S
S02.610A,2016,S02.61XA
S02.610B,2016,S02.61XB
S02.610D,2016,S02.61XD
S02.610G,2016,S02.61XG
S02.610K,2016,S02.61XK
S02.610S,2016,S02.61XS
S02.611A,2016,S02.61XA
S02.611B,2016,S02.61XB
S02.611D,2016,S02.61XD
S02.611G,2016,S02.61XG
S02.611K,2016,S02.61XK
S02.611S,2016,S02.61XS
S02.612A,2016,S02.61XA
S02.612B,2016,S02.61XB
S02.612D,2016,S02.61XD
S02.612G,2016,S02.61XG
S02.612K,2016,S02.61XK
S02.612S,2016,S02.61XS
S02.620A,2016,S02.62XA
S02.620B,2016,S02.62XB
S02.620D,2016,S02.62XD
S02.620G,2016,S02.62XG
S02.620K,2016,S02.62XK
S02.620S,2016,S02.62XS
S02.621A,2016,S02.62XA
S02.621B,2016,S02.62XB
S02.621D,2016,S02.62XD
S02.621G,2016,S02.62XG
S02.621K,2016,S02.62XK
S02.621S,2016,S02.62XS
S02.622A,2016,S02.62XA
S02.622B,2016,S02.62XB
S02.622D,2016,S02.62XD
S02.622G,2016,S02.62XG
S02.622K,2016,S02.62XK
S02.622S,2016,S02.62XS
S02.630A,2016,S02.63XA
S02.630B,2016,S02.63XB
S02.630D,2016,S02.63XD
S02.630G,2016,S02.63XG
S02.630K,2016,S02.63XK
S02.630S,2016,S02.63XS
S02.631A,2016,S02.63XA
S02.631B,2016,S02.63XB
S02.631D,2016,S02.63XD
S02.631G,2016,S02.63XG
S02.631K,2016,S02.63XK
S02.631S,2016,S02.63XS
S02.632A,2016,S02.63XA
S02.632B,2016,S02.63XB
S02.632D,2016,S02.63XD
S02.632G,2016,S02.63XG
S02.632K,2016,S02.63XK
S02.632S,2016,S02.63XS
S02.640A,2016,S02.64XA
S02.640B,2016,S02.64XB
S02.640D,2016,S02.64XD
S02.640G,2016,S02.64XG
S02.640K,2016,S02.64XK
S02.640S,2016,S02.64XS
S02.641A,2016,S02.64XA
S02.641B,2016,S02.64XB
S02.641D,2016,S02.64XD
S02.641G,2016,S02.64XG
S02.641K,2016,S02.64XK
S02.641S,2016,S02.64XS
S02.642A,2016,S02.64XA
S02.642B,2016,S02.64XB
S02.642D,2016,S02.64XD
S02.642G,2016,S02.64XG
S02.642K,2016,S02.64XK
S02.642S,2016,S02.64XS
S02.650A,2016,S02.65XA
S02.650B,2016,S02.65XB
S02.650D,2016,S02.65XD
S02.650G,2016,S02.65XG
S02.650K,2016,S02.65XK
S02.650S,2016,S02.65XS
S02.651A,2016,S02.65XA
S02.651B,2016,S02.65XB
S02.651D,2016,S02.65XD
S02.651G,2016,S02.65XG
S02.651K,2016,S02.65XK
S02.651S,2016,S02.65XS
S02.652A,2016,S02.65XA
S02.652B,2016,S02.65XB
S02.652D,2016,S02.65XD
S02.652G,2016,S02.65XG
S02.652K,2016,S02.65XK
S02.652S,2016,S02.65XS
S02.670A,2016,S02.67XA
S02.670B,2016,S02.67XB
S02.670D,2016,S02.67XD
S02.670G,2016,S02.67XG
S02.670K,2016,S02.67XK
S02.670S,2016,S02.67XS
S02.671A,2016,S02.67XA
S02.671B,2016,S02.67XB
S02.671D,2016,S02.67XD
S02.671G,2016,S02.67XG
S02.671K,2016,S02.67XK
S02.671S,2016,S02.67XS
S02.672A,2016,S02.67XA
S02.672B,2016,S02.67XB
S02.672D,2016,S02.67XD
S02.672G,2016,S02.67XG
S02.672K,2016,S02.67XK
S02.672S,2016,S02.67XS
S02.80XA,2016,S02.8XXA
S02.80XB,2016,S02.8XXB
S02.80XD,2016,S02.8XXD
S02.80XG,2016,S02.8XXG
S02.80XK,2016,S02.8XXK
S02.80XS,2016,S02.8XXS
S02.81XA,2016,S02.8XXA
S02.81XB,2016,S02.8XXB
S02.81XD,2016,S02.8XXD
S02.81XG,2016,S02.8XXG
S02.81XK,2016,S02.8XXK
S02.81XS,2016,S02.8XXS
S02.82XA,2016,S02.8XXA
S02.82XB,2016,S02.8XXB
S02.82XD,2016,S02.8XXD
S02.82XG,2016,S02.8XXG
S02.82XK,2016,S02.8XXK
S02.82XS,2016,S02.8XXS
S02.831A,2019,S02.81XA
S02.831B,2019,S02.81XB
S02.831D,2019,S02.81XD
S02.831G,2019,S02.81XG
S02.831K,2019,S02.81XK
S02.831S,2019,S02.81XS
S02.832A,2019,S02.82XA
S02.832B,2019,S02.82XB
S02.832D,2019,S02.82XD
S02.832G,2019,S02.82XG
S02.832K,2019,S02.82XK
S02.832S,2019,S02.82XS
S02.839A,2019,S02.80XA
S02.839B,2019,S02.80XB
S02.839D,2019,S02.80XD
S02.839G,2019,S02.80XG
S02.839K,2019,S02.80XK
S02.839S,2019,S02.80XS
S02.841A,2019,S02.81XA
S02.841B,2019,S02.81XB
S02.841D,2019,S02.81XD
S02.841G,2019,S02.81XG
S02.841K,2019,S02.81XK
S02.841S,2019,S02.81XS
S02.842A,2019,S02.82XA
S02.842B,2019,S02.82XB
S02.842D,2019,S02.82XD
S02.842G,2019,S02.82XG
S02.842K,2019,S02.82XK
S02.842S,2019,S02.82XS
S02.849A,2019,S02.80XA
S02.849B,2019,S02.80XB
S02.849D,2019,S02.80XD
S02.849G,2019,S02.80XG
S02.849K,2019,S02.80XK
S02.849S,2019,S02.80XS
S02.85XA,2019,S02.80XA
S02.85XB,2019,S02.80XB
S02.85XD,2019,S02.80XD
S02.85XG,2019,S02.80XG
S02.85XK,2019,S02.80XK
S02.85XS,2019,S02.80XS
S03.00XA,2016,S03.0XXA
S03.00XD,2016,S03.0XXD
S03.00XS,2016,S03.0XXS
S03.01XA,2016,S03.0XXA
S03.01XD,2016,S03.0XXD
S03.01XS,2016,S03.0XXS
S03.02XA,2016,S03.0XXA
S03.02XD,2016,S03.0XXD
S03.02XS,2016,S03.0XXS
S03.03XA,2016,S03.0XXA
S03.03XD,2016,S03.0XXD
S03.03XS,2016,S03.0XXS
S03.40XA,2016,S03.4XXA
S03.40XD,2016,S03.4XXD
S03.40XS,2016,S03.4XXS
S03.41XA,2016,S03.4XXA
S03.41XD,2016,S03.4XXD
S03.41XS,2016,S03.4XXS
S03.42XA,2016,S03.4XXA
S03.42XD,2016,S03.4XXD
S03.42XS,2016,S03.4XXS
S03.43XA,2016,S03.4XXA
S03.43XD,2016,S03.4XXD
S03.43XS,2016,S03.4XXS
S92.811A,2016,S92.901A
S92.811B,2016,S92.901B
S92.811D,2016,S92.901D
S92.811G,2016,S92.901G
S92.811K,2016,S92.901K
S92.811P,2016,S92.901P
S92.811S,2016,S92.901S
S92.812A,2016,S92.902A
S92.812B,2016,S92.902B
S92.812D,2016,S92.902D
S92.812G,2016,S92.902G
S92.812K,2016,S92.902K
S92.812P,2016,S92.902P
S92.812S,2016,S92.902S
S92.819A,2016,S92.909A
S92.819B,2016,S92.909B
S92.819D,2016,S92.909D
S92.819G,2016,S92.909G
S92.819K,2016,S92.909K
S92.819P,2016,S92.909P
S92.819S,2016,S92.909S
S99.001A,2016,S92.001A
S99.001B,2016,S92.001B
S99.001D,2016,S92.001D
S99.001G,2016,S92.001G
S99.001K,2016,S92.001K
S99.001P,2016,S92.001P
S99.001S,2016,S92.001S
S99.002A,2016,S92.002A
S99.002B,2016,S92.002B
S99.002D,2016,S92.002D
S99.002G,2016,S92.002G
S99.002K,2016,S92.002K
S99.002P,2016,S92.002P
S99.002S,2016,S92.002S
S99.009A,2016,S92.009A
S99.009B,2016,S92.009B
S99.009D,2016,S92.009D
S99.009G,2016,S92.009G
S99.009K,2016,S92.009K
S99.009P,2016,S92.009P
S99.009S,2016,S92.009S
S99.011A,2016,S92.001A
S99.011B,2016,S92.001B
S99.011D,2016,S92.001D
S99.011G,2016,S92.001G
S99.011K,2016,S92.001K
S99.011P,2016,S92.001P
S99.011S,2016,S92.001S
S99.012A,2016,S92.002A
S99.012B,2016,S92.002B
S99.012D,2016,S92.002D
S99.012G,2016,S92.002G
S99.012K,2016,S92.002K
S99.012P,2016,S92.002P
S99.012S,2016,S92.002S
S99.019A,2016,S92.009A
S99.019B,2016,S92.009B
S99.019D,2016,S92.009D
S99.019G,2016,S92.009G
S99.019K,2016,S92.009K
S99.019P,2016,S92.009P
S99.019S,2016,S92.009S
S99.021A,2016,S92.009A
S99.021B,2016,S92.009B
S99.021D,2016,S92.009D
S99.021G,2016,S92.009G
S99.021K,2016,S92.009K
S99.021P,2016,S92.009P
S99.021S,2016,S92.009S
S99.022A,2016,S92.009A
S99.022B,2016,S92.009B
S99.022D,2016,S92.009D
S99.022G,2016,S92.009G
S99.022K,2016,S92.009K
S99.022P,2016,S92.009P
S99.022S,2016,S92.009S
S99.029A,2016,S92.009A
S99.029B,2016,S92.009B
S99.029D,2016,S92.009D
S99.029G,2016,S92.009G
S99.029K,2016,S92.009K
S99.029P,2016,S92.009P
S99.029S,2016,S92.009S
S99.031A,2016,S92.009A
S99.031B,2016,S92.009B
S99.031D,2016,S92.009D
S99.031G,2016,S92.009G
S99.031K,2016,S92.009K
S99.031P,2016,S92.009P
S99.031S,2016,S92.009S
S99.032A,2016,S92.009A
S99.032B,2016,S92.009B
S99.032D,2016,S92.009D
S99.032G,2016,S92.009G
S99.032K,2016,S92.009K
S99.032P,2016,S92.009P
S99.032S,2016,S92.009S
S99.039A,2016,S92.009A
S99.039B,2016,S92.009B
S99.039D,2016,S92.009D
S99.039G,2016,S92.009G
S99.039K,2016,S92.009K
S99.039P,2016,S92.009P
S99.039S,2016,S92.009S
S99.041A,2016,S92.009A
S99.041B,2016,S92.009B
S99.041D,2016,S92.009D
S99.041G,2016,S92.009G
S99.041K,2016,S92.009K
S99.041P,2016,S92.009P
S99.041S,2016,S92.009S
S99.042A,2016,S92.009A
S99.042B,2016,S92.009B
S99.042D,2016,S92.009D
S99.042G,2016,S92.009G
S99.042K,2016,S92.009K
S99.042P,2016,S92.009P
S99.042S,2016,S92.009S
S99.049A,2016,S92.009A
S99.049B,2016,S92.009B
S99.049D,2016,S92.009D
S99.049G,2016,S92.009G
S99.049K,2016,S92.009K
S99.049P,2016,S92.009P
S99.049S,2016,S92.009S
S99.091A,2016,S92.009A
S99.091B,2016,S92.009B
S99.091D,2016,S92.009D
S99.091G,2016,S92.009G
S99.091K,2016,S92.009K
S99.091P,2016,S92.009P
S99.091S,2016,S92.009S
S99.092A,2016,S92.009A
S99.092B,2016,S92.009B
S99.092D,2016,S92.009D
S99.092G,2016,S92.009G
S99.092K,2016,S92.009K
S99.092P,2016,S92.009P
S99.092S,2016,S92.009S
S99.099A,2016,S92.009A
S99.099B,2016,S92.009B
S99.099D,2016,S92.009D
S99.099G,2016,S92.009G
S99.099K,2016,S92.009K
S99.099P,2016,S92.009P
S99.099S,2016,S92.009S
S99.101A,2016,S92.009A
S99.101B,2016,S92.009B
S99.101D,2016,S92.009D
S99.101G,2016,S92.009G
S99.101K,2016,S92.009K
S99.101P,2016,S92.009P
S99.101S,2016,S92.009S
S99.102A,2016,S92.009A
S99.102B,2016,S92.009B
S99.102D,2016,S92.009D
S99.102G,2016,S92.009G
S99.102K,2016,S92.009K
S99.102P,2016,S92.009P
S99.102S,2016,S92.009S
S99.109A,2016,S92.009A
S99.109B,2016,S92.009B
S99.109D,2016,S92.009D
S99.109G,2016,S92.009G
S99.109K,2016,S92.009K
S99.109P,2016,S92.009P
S99.109S,2016,S92.009S
S99.111A,2016,S92.009A
S99.111B,2016,S92.009B
S99.111D,2016,S92.009D
S99.111G,2016,S92.009G
S99.111K,2016,S92.009K
S99.111P,2016,S92.009P
S99.111S,2016,S92.009S
S99.112A,2016,S92.009A
S99.112B,2016,S92.009B
S99.112D,2016,S92.009D
S99.112G,2016,S92.009G
S99.112K,2016,S92.009K
S99.112P,2016,S92.009P
S99.112S,2016,S92.009S
S99.119A,2016,S92.009A
S99.119B,2016,S92.009B
S99.119D,2016,S92.009D
S99.119G,2016,S92.009G
S99.119K,2016,S92.009K
S99.119P,2016,S92.009P
S99.119S,2016,S92.009S
S99.121A,2016,S92.009A
S99.121B,2016,S92.009B
S99.121D,2016,S92.009D
S99.121G,2016,S92.009G
S99.121K,2016,S92.009K
S99.121P,2016,S92.009P
S99.121S,2016,S92.009S
S99.122A,2016,S92.009A
S99.122B,2016,S92.009B
S99.122D,2016,S92.009D
S99.122G,2016,S92.009G
S99.122K,2016,S92.009K
S99.122P,2016,S92.009P
S99.122S,2016,S92.009S
S99.129A,2016,S92.009A
S99.129B,2016,S92.009B
S99.129D,2016,S92.009D
S99.129G,2016,S92.009G
S99.129K,2016,S92.009K
S99.129P,2016,S92.009P
S99.129S,2016,S92.009S
S99.131A,2016,S92.009A
S99.131B,2016,S92.009B
S99.131D,2016,S92.009D
S99.131G,2016,S92.009G
S99.131K,2016,S92.009K
S99.131P,2016,S92.009P
S99.131S,2016,S92.009S
S99.132A,2016,S92.009A
S99.132B,2016,S92.009B
S99.132D,2016,S92.009D
S99.132G,2016,S92.009G
S99.132K,2016,S92.009K
S99.132P,2016,S92.009P
S99.132S,2016,S92.009S
S99.139A,2016,S92.009A
S99.139B,2016,S92.009B
S99.139D,2016,S92.009D
S99.139G,2016,S92.009G
S99.139K,2016,S92.009K
S99.139P,2016,S92.009P
S99.139S,2016,S92.009S
S99.141A,2016,S92.009A
S99.141B,2016,S92.009B
S99.141D,2016,S92.009D
S99.141G,2016,S92.009G
S99.141K,2016,S92.009K
S99.141P,2016,S92.009P
S99.141S,2016,S92.009S
S99.142A,2016,S92.009A
S99.142B,2016,S92.009B
S99.142D,2016,S92.009D
S99.142G,2016,S92.009G
S99.142K,2016,S92.009K
S99.142P,2016,S92.009P
S99.142S,2016,S92.009S
S99.149A,2016,S92.009A
S99.149B,2016,S92.009B
S99.149D,2016,S92.009D
S99.149G,2016,S92.009G
S99.149K,2016,S92.009K
S99.149P,2016,S92.009P
S99.149S,2016,S92.009S
S99.191A,2016,S92.009A
S99.191B,2016,S92.009B
S99.191D,2016,S92.009D
S99.191G,2016,S92.009G
S99.191K,2016,S92.009K
S99.191P,2016,S92.009P
S99.191S,2016,S92.009S
S99.192A,2016,S92.009A
S99.192B,2016,S92.009B
S99.192D,2016,S92.009D
S99.192G,2016,S92.009G
S99.192K,2016,S92.009K
S99.192P,2016,S92.009P
S99.192S,2016,S92.009S
S99.199A,2016,S92.009A
S99.199B,2016,S92.009B
S99.199D,2016,S92.009D
S99.199G,2016,S92.009G
S99.199K,2016,S92.009K
S99.199P,2016,S92.009P
S99.199S,2016,S92.009S
S99.201A,2016,S92.009A
S99.201B,2016,S92.009B
S99.201D,2016,S92.009D
S99.201G,2016,S92.009G
S99.201K,2016,S92.009K
S99.201P,2016,S92.009P
S99.201S,2016,S92.009S
S99.202A,2016,S92.009A
S99.202B,2016,S92.009B
S99.202D,2016,S92.009D
S99.202G,2016,S92.009G
S99.202K,2016,S92.009K
S99.202P,2016,S92.009P
S99.202S,2016,S92.009S
S99.209A,2016,S92.009A
S99.209B,2016,S92.009B
S99.209D,2016,S92.009D
S99.209G,2016,S92.009G
S99.209K,2016,S92.009K
S99.209P,2016,S92.009P
S99.209S,2016,S92.009S
S99.211A,2016,S92.009A
S99.211B,2016,S92.009B
S99.211D,2016,S92.009D
S99.211G,2016,S92.009G
S99.211K,2016,S92.009K
S99.211P,2016,S92.009P
S99.211S,2016,S92.009S
S99.212A,2016,S92.009A
S99.212B,2016,S92.009B
S99.212D,2016,S92.009D
S99.212G,2016,S92.009G
S99.212K,2016,S92.009K
S99.212P,2016,S92.009P
S99.212S,2016,S92.009S
S99.219A,2016,S92.009A
S99.219B,2016,S92.009B
S99.219D,2016,S92.009D
S99.219G,2016,S92.009G
S99.219K,2016,S92.009K
S99.219P,2016,S92.009P
S99.219S,2016,S92.009S
S99.221A,2016,S92.009A
S99.221B,2016,S92.009B
S99.221D,2016,S92.009D
S99.221G,2016,S92.009G
S99.221K,2016,S92.009K
S99.221P,2016,S92.009P
S99.221S,2016,S92.009S
S99.222A,2016,S92.009A
S99.222B,2016,S92.009B
S99.222D,2016,S92.009D
S99.222G,2016,S92.009G
S99.222K,2016,S92.009K
S99.222P,2016,S92.009P
S99.222S,2016,S92.009S
S99.229A,2016,S92.009A
S99.229B,2016,S92.009B
S99.229D,2016,S92.009D
S99.229G,2016,S92.009G
S99.229K,2016,S92.009K
S99.229P,2016,S92.009P
S99.229S,2016,S92.009S
S99.231A,2016,S92.009A
S99.231B,2016,S92.009B
S99.231D,2016,S92.009D
S99.231G,2016,S92.009G
S99.231K,2016,S92.009K
S99.231P,2016,S92.009P
S99.231S,2016,S92.009S
S99.232A,2016,S92.009A
S99.232B,2016,S92.009B
S99.232D,2016,S92.009D
S99.232G,2016,S92.009G
S99.232K,2016,S92.009K
S99.232P,2016,S92.009P
S99.232S,2016,S92.009S
S99.239A,2016,S92.009A
S99.239B,2016,S92.009B
S99.239D,2016,S92.009D
S99.239G,2016,S92.009G
S99.239K,2016,S92.009K
S99.239P,2016,S92.009P
S99.239S,2016,S92.009S
S99.241A,2016,S92.009A
S99.241B,2016,S92.009B
S99.241D,2016,S92.009D
S99.241G,2016,S92.009G
S99.241K,2016,S92.009K
S99.241P,2016,S92.009P
S99.241S,2016,S92.009S
S99.242A,2016,S92.009A
S99.242B,2016,S92.009B
S99.242D,2016,S92.009D
S99.242G,2016,S92.009G
S99.242K,2016,S92.009K
S99.242P,2016,S92.009P
S99.242S,2016,S92.009S
S99.249A,2016,S92.009A
S99.249B,2016,S92.009B
S99.249D,2016,S92.009D
S99.249G,2016,S92.009G
S99.249K,2016,S92.009K
S99.249P,2016,S92.009P
S99.249S,2016,S92.009S
S99.291A,2016,S92.009A
S99.291B,2016,S92.009B
S99.291D,2016,S92.009D
S99.291G,2016,S92.009G
S99.291K,2016,S92.009K
S99.291P,2016,S92.009P
S99.291S,2016,S92.009S
S99.292A,2016,S92.009A
S99.292B,2016,S92.009B
S99.292D,2016,S92.009D
S99.292G,2016,S92.009G
S99.292K,2016,S92.009K
S99.292P,2016,S92.009P
S99.292S,2016,S92.009S
S99.299A,2016,S92.009A
S99.299B,2016,S92.009B
S99.299D,2016,S92.009D
S99.299G,2016,S92.009G
S99.299K,2016,S92.009K
S99.299P,2016,S92.009P
S99.299S,2016,S92.009S
T07.XXXA,2017,T07
T07.XXXD,2017,T07
T07.XXXS,2017,T07
T14.8XXA,2017,T14.8
T14.8XXD,2017,T14.8
T14.8XXS,2017,T14.8
T14.90XA,2017,T14.90
T14.90XD,2017,T14.90
T14.90XS,2017,T14.90
T14.91XA,2017,T14.91
T14.91XD,2017,T14.91
T14.91XS,2017,T14.91
T43.641A,2018,T43.621A
T43.641D,2018,T43.621D
T43.641S,2018,T43.621S
T43.642A,2018,T43.622A
T43.642D,2018,T43.622D
T43.642S,2018,T43.622S
T43.643A,2018,T43.623A
T43.643D,2018,T43.623D
T43.643S,2018,T43.623S
T43.644A,2018,T43.624A
T43.644D,2018,T43.624D
T43.644S,2018,T43.624S
T50.911A,2019,T50.991A
T50.911D,2019,T50.991D
T50.911S,2019,T50.991S
T50.912A,2019,T50.992A
T50.912D,2019,T50.992D
T50.912S,2019,T50.992S
T50.913A,2019,T50.993A
T50.913D,2019,T50.993D
T50.913S,2019,T50.993S
T50.914A,2019,T50.994A
T50.914D,2019,T50.994D
T50.914S,2019,T50.994S
T50.915A,2019,T50.995A
T50.915D,2019,T50.995D
T50.915S,2019,T50.995S
T50.916A,2019,T50.996A
T50.916D,2019,T50.996D
T50.916S,2019,T50.996S
T67.01XA,2019,T67.0XXA
T67.01XD,2019,T67.0XXD
T67.01XS,2019,T67.0XXS
T67.02XA,2019,T67.0XXA
T67.02XD,2019,T67.0XXD
T67.02XS,2019,T67.0XXS
T67.09XA,2019,T67.0XXA
T67.09XD,2019,T67.0XXD
T67.09XS,2019,T67.0XXS
T74.51XA,2018,T74.21XA
T74.51XD,2018,T74.21XD
T74.51XS,2018,T74.21XS
T74.52XA,2018,T74.22XA
T74.52XD,2018,T74.22XD
T74.52XS,2018,T74.22XS
T74.61XA,2018,T74.11XA
T74.61XD,2018,T74.11XD
T74.61XS,2018,T74.11XS
T74.62XA,2018,T74.12XA
T74.62XD,2018,T74.12XD
T74.62XS,2018,T74.12XS
T76.51XA,2018,T76.21XA
T76.51XD,2018,T76.21XD
T76.51XS,2018,T76.21XS
T76.52XA,2018,T76.22XA
T76.52XD,2018,T76.22XD
T76.52XS,2018,T76.22XS
T76.61XA,2018,T76.11XA
T76.61XD,2018,T76.11XD
T76.61XS,2018,T76.11XS
T76.62XA,2018,T76.12XA
T76.62XD,2018,T76.12XD
T76.62XS,2018,T76.12XS
T81.40XA,2018,T81.4XXA
T81.40XD,2018,T81.4XXD
T81.40XS,2018,T81.4XXS
T81.41XA,2018,T81.4XXA
T81.41XD,2018,T81.4XXD
T81.41XS,2018,T81.4XXS
T81.42XA,2018,T81.4XXA
T81.42XD,2018,T81.4XXD
T81.42XS,2018,T81.4XXS
T81.43XA,2018,T81.4XXA
T81.43XD,2018,T81.4XXD
T81.43XS,2018,T81.4XXS
T81.44XA,2018,T81.4XXA
T81.44XD,2018,T81.4XXD
T81.44XS,2018,T81.4XXS
T81.49XA,2018,T81.4XXA
T81.49XD,2018,T81.4XXD
T81.49XS,2018,T81.4XXS
T82.855A,2016,T82.857A
T82.855D,2016,T82.857D
T82.855S,2016,T82.857S
T82.856A,2016,T82.858A
T82.856D,2016,T82.858D
T82.856S,2016,T82.858S
T83.011A,2016,T83.018A
T83.011D,2016,T83.018D
T83.011S,2016,T83.018S
T83.012A,2016,T83.018A
T83.012D,2016,T83.018D
T83.012S,2016,T83.018S
T83.021A,2016,T83.028A
T83.021D,2016,T83.028D
T83.021S,2016,T83.028S
T83.022A,2016,T83.028A
T83.022D,2016,T83.028D
T83.022S,2016,T83.028S
T83.031A,2016,T83.038A
T83.031D,2016,T83.038D
T83.031S,2016,T83.038S
T83.032A,2016,T83.038A
T83.032D,2016,T83.038D
T83.032S,2016,T83.038S
T83.091A,2016,T83.098A
T83.091D,2016,T83.098D
T83.091S,2016,T83.098S
T83.092A,2016,T83.098A
T83.092D,2016,T83.098D
T83.092S,2016,T83.098S
T83.113A,2016,T83.118A
T83.113D,2016,T83.118D
T83.113S,2016,T83.118S
T83.123A,2016,T83.128A
T83.123D,2016,T83.128D
T83.123S,2016,T83.128S
T83.193A,2016,T83.198A
T83.193D,2016,T83.198D
T83.193S,2016,T83.198S
T83.24XA,2016,T83.29XA
T83.24XD,2016,T83.29XD
T83.24XS,2016,T83.29XS
T83.25XA,2016,T83.29XA
T83.25XD,2016,T83.29XD
T83.25XS,2016,T83.29XS
T83.411A,2016,T83.418A
T83.411D,2016,T83.418D
T83.411S,2016,T83.418S
T83.421A,2016,T83.428A
T83.421D,2016,T83.428D
T83.421S,2016,T83.428S
T83.491A,2016,T83.498A
T83.491D,2016,T83.498D
T83.491S,2016,T83.498S
T83.510A,2016,T83.51XA
T83.510D,2016,T83.51XD
T83.510S,2016,T83.51XS
T83.511A,2016,T83.51XA
T83.511D,2016,T83.51XD
T83.511S,2016,T83.51XS
T83.512A,2016,T83.51XA
T83.512D,2016,T83.51XD
T83.512S,2016,T83.51XS
T83.518A,2016,T83.51XA
T83.518D,2016,T83.51XD
T83.518S,2016,T83.51XS
T83.590A,2016,T83.59XA
T83.590D,2016,T83.59XD
T83.590S,2016,T83.59XS
T83.591A,2016,T83.59XA
T83.591D,2016,T83.59XD
T83.591S,2016,T83.59XS
T83.592A,2016,T83.59XA
T83.592D,2016,T83.59XD
T83.592S,2016,T83.59XS
T83.593A,2016,T83.59XA
T83.593D,2016,T83.59XD
T83.593S,2016,T83.59XS
T83.598A,2016,T83.59XA
T83.598D,2016,T83.59XD
T83.598S,2016,T83.59XS
T83.61XA,2016,T83.6XXA
T83.61XD,2016,T83.6XXD
T83.61XS,2016,T83.6XXS
T83.62XA,2016,T83.6XXA
T83.62XD,2016,T83.6XXD
T83.62XS,2016,T83.6XXS
T83.69XA,2016,T83.6XXA
T83.69XD,2016,T83.6XXD
T83.69XS,2016,T83.6XXS
T83.712A,2016,T83.718A
T83.712D,2016,T83.718D
T83.712S,2016,T83.718S
T83.713A,2016,T83.718A
T83.713D,2016,T83.718D
T83.713S,2016,T83.718S
T83.714A,2016,T83.718A
T83.714D,2016,T83.718D
T83.714S,2016,T83.718S
T83.719A,2016,T83.718A
T83.719D,2016,T83.718D
T83.719S,2016,T83.718S
T83.722A,2016,T83.728A
T83.722D,2016,T83.728D
T83.722S,2016,T83.728S
T83.723A,2016,T83.728A
T83.723D,2016,T83.728D
T83.723S,2016,T83.728S
T83.724A,2016,T83.728A
T83.724D,2016,T83.728D
T83.724S,2016,T83.728S
T83.729A,2016,T83.728A
T83.729D,2016,T83.728D
T83.729S,2016,T83.728S
T83.79XA,2016,T83.89XA
T83.79XD,2016,T83.89XD
T83.79XS,2016,T83.89XS
T85.113A,2016,"T85.110A, T85.111A, T85.112A, T85.118A"
T85.113D,2016,"T85.110D, T85.111D, T85.112D, T85.118D"
T85.113S,2016,"T85.110S, T85.111S, T85.112S, T85.118S"
T85.123A,2016,"T85.120A, T85.121A, T85.122A, T85.128A"
T85.123D,2016,"T85.120A, T85.121A, T85.122A, T85.128A"
T85.123S,2016,"T85.120A, T85.121A, T85.122A, T85.128A"
T85.193A,2016,"T85.190A, T85.191A, T85.192A, T85.198A"
T85.193D,2016,"T85.190A, T85.191A, T85.192A, T85.198A"
T85.193S,2016,"T85.190A, T85.191A, T85.192A, T85.198A"
T85.615A,2016,T85.618A
T85.615D,2016,T85.618D
T85.615S,2016,T85.618S
T85.625A,2016,T85.628A
T85.625D,2016,T85.628D
T85.625S,2016,T85.628S
T85.635A,2016,T85.638A
T85.635D,2016,T85.638D
T85.635S,2016,T85.638S
T85.695A,2016,T85.698A
T85.695D,2016,T85.698D
T85.695S,2016,T85.698S
T85.730A,2016,T85.79XA
T85.730D,2016,T85.79XD
T85.730S,2016,T85.79XS
T85.731A,2016,T85.79XA
T85.731D,2016,T85.79XD
T85.731S,2016,T85.79XS
T85.732A,2016,T85.79XA
T85.732D,2016,T85.79XD
T85.732S,2016,T85.79XS
T85.733A,2016,T85.79XA
T85.733D,2016,T85.79XD
T85.733S,2016,T85.79XS
T85.734A,2016,T85.79XA
T85.734D,2016,T85.79XD
T85.734S,2016,T85.79XS
T85.735A,2016,T85.79XA
T85.735D,2016,T85.79XD
T85.735S,2016,T85.79XS
T85.738A,2016,T85.79XA
T85.738D,2016,T85.79XD
T85.738S,2016,T85.79XS
T85.810A,2016,T85.81XA
T85.810D,2016,T85.81XD
T85.810S,2016,T85.81XS
T85.818A,2016,T85.81XA
T85.818D,2016,T85.81XD
T85.818S,2016,T85.81XS
T85.820A,2016,T85.82XA
T85.820D,2016,T85.82XD
T85.820S,2016,T85.82XS
T85.828A,2016,T85.82XA
T85.828D,2016,T85.82XD
T85.828S,2016,T85.82XS
T85.830A,2016,T85.83XA
T85.830D,2016,T85.83XD
T85.830S,2016,T85.83XS
T85.838A,2016,T85.83XA
T85.838D,2016,T85.83XD
T85.838S,2016,T85.83XS
T85.840A,2016,T85.84XA
T85.840D,2016,T85.84XD
T85.840S,2016,T85.84XS
T85.848A,2016,T85.84XA
T85.848D,2016,T85.84XD
T85.848S,2016,T85.84XS
T85.850A,2016,T85.85XA
T85.850D,2016,T85.85XD
T85.850S,2016,T85.85XS
T85.858A,2016,T85.85XA
T85.858D,2016,T85.85XD
T85.858S,2016,T85.85XS
T85.860A,2016,T85.86XA
T85.860D,2016,T85.86XD
T85.860S,2016,T85.86XS
T85.868A,2016,T85.86XA
T85.868D,2016,T85.86XD
T85.868S,2016,T85.86XS
T85.890A,2016,T85.89XA
T85.890D,2016,T85.89XD
T85.890S,2016,T85.89XS
T85.898A,2016,T85.89XA
T85.898D,2016,T85.89XD
T85.898S,2016,T85.89XS
T88.53XA,2016,T88.59XA
T88.53XD,2016,T88.59XD
T88.53XS,2016,T88.59XS
V47.0XXA,2016,"V47.01XA, V47.02XA"
V47.0XXD,2016,"V47.01XD, V47.02XD"
V47.0XXS,2016,"V47.01XS, V47.02XS"
V47.1XXA,2016,"V47.11XA, V47.12XA"
V47.1XXD,2016,"V47.11XD, V47.12XD"
V47.1XXS,2016,"V47.11XS, V47.12XS"
V47.3XXA,2016,"V47.31XA, V47.32XA"
V47.3XXD,2016,"V47.31XD, V47.32XD"
V47.3XXS,2016,"V47.31XS, V47.32XS"
V47.5XXA,2016,"V47.51XA, V47.52XA"
V47.5XXD,2016,"V47.51XD, V47.52XD"
V47.5XXS,2016,"V47.51XS, V47.52XS"
V47.6XXA,2016,"V47.61XA, V47.62XA"
V47.6XXD,2016,"V47.61XD, V47.62XD"
V47.6XXS,2016,"V47.61XS, V47.62XS"
V47.9XXA,2016,"V47.91XA, V47.92XA"
V47.9XXD,2016,"V47.91XD, V47.92XD"
V47.9XXS,2016,"V47.91XS, V47.92XS"
V86.05XA,2017,V86.09XA
V86.05XD,2017,V86.09XD
V86.05XS,2017,V86.09XS
V86.06XA,2017,V86.09XA
V86.06XD,2017,V86.09XD
V86.06XS,2017,V86.09XS
V86.15XA,2017,V86.19XA
V86.15XD,2017,V86.19XD
V86.15XS,2017,V86.19XS
V86.16XA,2017,V86.19XA
V86.16XD,2017,V86.19XD
V86.16XS,2017,V86.19XS
V86.25XA,2017,V86.29XA
V86.25XD,2017,V86.29XD
V86.25XS,2017,V86.29XS
V86.26XA,2017,V86.29XA
V86.26XD,2017,V86.29XD
V86.26XS,2017,V86.29XS
V86.35XA,2017,V86.39XA
V86.35XD,2017,V86.39XD
V86.35XS,2017,V86.39XS
V86.36XA,2017,V86.39XA
V86.36XD,2017,V86.39XD
V86.36XS,2017,V86.39XS
V86.45XA,2017,V86.49XA
V86.45XD,2017,V86.49XD
V86.45XS,2017,V86.49XS
V86.46XA,2017,V86.49XA
V86.46XD,2017,V86.49XD
V86.46XS,2017,V86.49XS
V86.55XA,2017,V86.59XA
V86.55XD,2017,V86.59XD
V86.55XS,2017,V86.59XS
V86.56XA,2017,V86.59XA
V86.56XD,2017,V86.59XD
V86.56XS,2017,V86.59XS
V86.65XA,2017,V86.69XA
V86.65XD,2017,V86.69XD
V86.65XS,2017,V86.69XS
V86.66XA,2017,V86.69XA
V86.66XD,2017,V86.69XD
V86.66XS,2017,V86.69XS
V86.75XA,2017,V86.79XA
V86.75XD,2017,V86.79XD
V86.75XS,2017,V86.79XS
V86.76XA,2017,V86.79XA
V86.76XD,2017,V86.79XD
V86.76XS,2017,V86.79XS
V86.95XA,2017,V86.99XA
V86.95XD,2017,V86.99XD
V86.95XS,2017,V86.99XS
V86.96XA,2017,V86.99XA
V86.96XD,2017,V86.99XD
V86.96XS,2017,V86.99XS
W26.2XXA,2016,W45.1XXA
W26.2XXD,2016,W45.1XXD
W26.2XXS,2016,W45.1XXS
W26.8XXA,2016,W45.2XXA
W26.8XXD,2016,W45.2XXD
W26.8XXS,2016,W45.2XXS
W26.9XXA,2016,W45.8XXA
W26.9XXD,2016,W45.8XXD
W26.9XXS,2016,W45.8XXS
X50.0XXA,2016,Y93.01-Y93.9
X50.0XXD,2016,Y93.01-Y93.9
X50.0XXS,2016,Y93.01-Y93.9
X50.1XXA,2016,Y93.01-Y93.9
X50.1XXD,2016,Y93.01-Y93.9
X50.1XXS,2016,Y93.01-Y93.9
X50.3XXA,2016,Y93.01-Y93.9
X50.3XXD,2016,Y93.01-Y93.9
X50.3XXS,2016,Y93.01-Y93.9
X50.9XXA,2016,Y93.01-Y93.9
X50.9XXD,2016,Y93.01-Y93.9
X50.9XXS,2016,Y93.01-Y93.9
Y07.6,2018,Y07.59
Y35.009A,2019,None
Y35.009D,2019,None
Y35.009S,2019,None
Y35.019A,2019,None
Y35.019D,2019,None
Y35.019S,2019,None
Y35.029A,2019,None
Y35.029D,2019,None
Y35.029S,2019,None
Y35.039A,2019,None
Y35.039D,2019,None
Y35.039S,2019,None
Y35.049A,2019,None
Y35.049D,2019,None
Y35.049S,2019,None
Y35.099A,2019,None
Y35.099D,2019,None
Y35.099S,2019,None
Y35.109A,2019,None
Y35.109D,2019,None
Y35.109S,2019,None
Y35.119A,2019,None
Y35.119D,2019,None
Y35.119S,2019,None
Y35.129A,2019,None
Y35.129D,2019,None
Y35.129S,2019,None
Y35.199A,2019,None
Y35.199D,2019,None
Y35.199S,2019,None
Y35.209A,2019,None
Y35.209D,2019,None
Y35.209S,2019,None
Y35.219A,2019,None
Y35.219D,2019,None
Y35.219S,2019,None
Y35.299A,2019,None
Y35.299D,2019,None
Y35.299S,2019,None
Y35.309A,2019,None
Y35.309D,2019,None
Y35.309S,2019,None
Y35.319A,2019,None
Y35.319D,2019,None
Y35.319S,2019,None
Y35.399A,2019,None
Y35.399D,2019,None
Y35.399S,2019,None
Y35.409A,2019,None
Y35.409D,2019,None
Y35.409S,2019,None
Y35.419A,2019,None
Y35.419D,2019,None
Y35.419S,2019,None
Y35.499A,2019,None
Y35.499D,2019,None
Y35.499S,2019,None
Y35.819A,2019,None
Y35.819D,2019,None
Y35.819S,2019,None
Y35.831A,2019,Y35.891A
Y35.831D,2019,Y35.891D
Y35.831S,2019,Y35.891S
Y35.832A,2019,Y35.892A
Y35.832D,2019,Y35.892D
Y35.832S,2019,Y35.892S
Y35.833A,2019,Y35.893A
Y35.833D,2019,Y35.893D
Y35.833S,2019,Y35.893S
Y35.839A,2019,None
Y35.839D,2019,None
Y35.839S,2019,None
Y35.99XA,2019,None
Y35.99XD,2019,None
Y35.99XS,2019,None
Y93.85,2016,Y93.89
Z01.020,2019,Z01.00
Z01.021,2019,Z01.01
Z04.81,2018,Z04.8
Z04.82,2018,Z04.8
Z04.89,2018,Z04.8
Z05.0,2016,P00.89
Z05.1,2016,P00.2
Z05.2,2016,P00.89
Z05.3,2016,P00.3
Z05.41,2016,P00.89
Z05.42,2016,P00.89
Z05.43,2016,P00.89
Z05.5,2016,"P00.4, P00.89"
Z05.6,2016,P00.1
Z05.71,2016,P00.89
Z05.72,2016,P00.89
Z05.73,2016,P00.89
Z05.8,2016,P00.89
Z05.9,2016,P00.9
Z11.7,2019,Z11.1
Z13.30,2018,Z13.8
Z13.31,2018,Z13.8
Z13.32,2018,Z13.8
Z13.39,2018,Z13.8
Z13.40,2018,Z13.4
Z13.41 ,2018,Z13.4
Z13.42,2018,Z13.4
Z13.49,2018,Z13.4
Z19.1,2016,R97.8
Z19.2,2016,R97.8
Z20.821,2018,Z20.828
Z22.7,2019,R76.11
Z28.83,2018,Z28.89
Z29.11,2016,Z23
Z29.12,2016,Z23
Z29.13,2016,Z23
Z29.14,2016,Z23
Z29.3,2016,Z76.89
Z29.8,2016,Z76.89
Z29.9,2016,Z76.89
Z30.015,2016,Z30.018
Z30.016,2016,Z30.018
Z30.017,2016,Z30.018
Z30.44,2016,Z30.49
Z30.45,2016,Z30.49
Z30.46,2016,Z30.49
Z31.7,2016,Z31.69
Z33.3,2016,Z33.1
Z36.0,2017,Z36
Z36.1,2017,Z36
Z36.2,2017,Z36
Z36.3,2017,Z36
Z36.4,2017,Z36
Z36.5,2017,Z36
Z36.81,2017,Z36
Z36.82,2017,Z36
Z36.83,2017,Z36
Z36.84,2017,Z36
Z36.85,2017,Z36
Z36.86,2017,Z36
Z36.87,2017,Z36
Z36.88,2017,Z36
Z36.89,2017,Z36
Z36.8A,2017,Z36
Z36.9,2017,Z36
Z40.03,2017,Z40.09
Z51.6,2016,Z76.89
Z53.31,2016,Z53.8
Z53.32,2016,Z53.8
Z53.33,2016,Z53.8
Z53.39,2016,Z53.8
Z62.813,2018,Z62.810
Z71.82,2017,Z71.89
Z71.83,2017,Z31.5
Z71.84,2019,Z71.89
Z79.84,2016,Z79.899
Z83.430,2018,Z83.49
Z83.438,2018,Z83.49
Z83.42,2016,Z83.49
Z84.82,2016,Z84.89
Z86.002,2019,Z86.008
Z86.003,2019,Z86.008
Z86.004,2019,Z86.008
Z86.005,2019,Z86.008
Z86.006,2019,Z86.008
Z86.007,2019,Z86.008
Z86.15,2019,R76.11
Z91.42,2018,Z91.410
Z91.841,2017,Z91.89
Z91.842,2017,Z91.89
Z91.843,2017,Z91.89
Z91.849,2017,Z91.89
Z92.84,2016,Z92.89
Z96.82,2019,Z96.89
Z98.890,2016,Z98.89
Z98.891,2016,Z98.89
