Tier,ID,Title,Area,Source IDs,Plan Phase,Plan Task ID,Notes
0,0.1,Fix Stripe payment success page 404,Payments,F-C3;chain#2,0,0.6,
0,0.2,Fix invalid nested button-in-link on Kelly widget,UI,UX-1,5,5.1,
0,0.3,Stop sidebar flashing 'is live' before status loads,UI,front-desk#3,5,5.2,
0,0.4,Fix #billing hash routing on settings,UI,front-desk#2,5,5.6,
0,0.5,Remove orphaned Notifications settings panel,UI,front-desk#2,5,5.7,
0,0.6,Fix settings FOUC,UI,front-desk#2,5,5.5,
0,0.7,Fix agent.html login redirect path prefix bug,Auth,front-desk#6,5,5.9,
0,0.8,Fix building-office icon key mismatch,UI,front-desk#5,5,5.10,
0,0.9,Fix mislabeled Search/New Appointment CTAs,UI,front-desk#6,5,5.11,
0,0.10,Unify Kelly widget subtitle copy,UI,front-desk#3,5,5.12,
0,0.11,Bind and verify tenant DID/provisioning,Ops,D-3;F-C1;chain#1,7,7.10,
0,0.12,Reconcile prompt authority for tenant,AI,AI-3;chain#3,3,3.1,
0,0.13,Fix empty Today/Calendar (site context),Ops,UX-3;chain#14,7,7.4,
0,0.14,Fix Firebase billing.html query param drop,Hosting,front-desk#7,5,5.16,
1,1.1,Fix voice history double-append,AI,AI-2;H-H6,2,2.1,
1,1.2,Fix execute-turn step=done not re-persisted,State,statebug#2,1,1.2,
1,1.3,Fix broken payment-page-route query,State,statebug#3;chain#2,1,1.7,
1,1.4,Redact raw utterance logging,HIPAA,H-C2,0,0.1,
1,1.5,Remove PHI from Stripe metadata,HIPAA,H-C3,0,0.2,
1,1.6,Wire PHI-safe messaging validator,HIPAA,H-C4,0,0.3,
1,1.7,Mount alert strip globally,UI,front-desk#4,5,5.13,
1,1.8,Grep for other bad redirect prefix bugs,Auth,follow-on 0.7,5,5.9,
2,2A,Single prompt authority,AI,AI-3,3,3.1,
2,2B,Firewall on KellyToolExecutor + replay,Tools,toolsbug#1;#4;F-H5,4,4.1;4.2,
2,2C,Unify shell mountProviderPage,UI,front-desk#1;UX-4/5,5,5.3,
2,2D,Split settings.html monolith,UI,UX-1;FE-016,5,5.4,
2,2E,Fix ES/RU cancellation misrouting,AI,F-H1;F-H3;AI-5,6,6.7,
2,2F,Add missing Retell modeCtx fields,Tools,toolsbug#2,4,4.3,
3,3.1,Add hard turn-level timeout,Latency,AI-1,6,6.1,
3,3.2,Disable HyDE cap RAG on voice,Latency,latency,6,6.2,
3,3.3,Complete meta_kv Phase 2 migration,State,statebug#4-15;CR-066,1,1.3,
3,3.4,Reconcile Postgres/GCS read primary,Ops,CR-066,7,7.1,
3,3.5,Live Stedi 271 multilang M6,Ops,pending,6,6.10,
4,4.1,Execute vendor BAAs,Compliance,H-C1,12,12.3,Legal/ops — not code
4,4.2,Enforce retention on PHI tables,Compliance,H-H2,0,0.5,
4,4.3,Complete HIPAA access logging,Compliance,H-H3;H-H4,0,0.4,
4,4.4,Encrypt SQLite or Postgres cutover,Compliance,H-H1,12,12.1,
4,4.5,Complete PHI export for offboarding,Compliance,H-H5,12,12.2,
4,4.6,Consolidate docs 2-file policy,Docs,doc problems A-D,11,11.1-11.4,
